2026-06-01 14:43:23 | INFO | __main__ | Initializing autonomous pipeline
2026-06-01 14:43:23 | INFO | libraries.config_loader | Loaded config file: config\framework_config.yaml
2026-06-01 14:43:23 | INFO | libraries.config_loader | Loaded config file: config\browser_config.yaml
2026-06-01 14:43:23 | INFO | libraries.config_loader | Loaded config file: config\ai_config.yaml
2026-06-01 14:43:23 | INFO | libraries.config_loader | Loaded config file: config\locator_config.yaml
2026-06-01 14:43:23 | INFO | libraries.config_loader | Loaded config file: config\assertion_config.yaml
2026-06-01 14:43:23 | INFO | __main__ | Artifact directories ready: {'page_data': 'artifacts\\page_data', 'workflow_data': 'artifacts\\workflow_data', 'ai_testcases': 'artifacts\\ai_testcases', 'generated_robot_tests': 'artifacts\\generated_robot_tests', 'locator_intelligence': 'artifacts\\locator_intelligence', 'assertions': 'artifacts\\assertions', 'screenshots': 'artifacts\\screenshots', 'analytics': 'artifacts\\analytics', 'execution': 'artifacts\\execution', 'knowledge_graph': 'artifacts\\knowledge_graph'}
2026-06-01 14:43:23 | INFO | libraries.browser_manager | Starting browser: chromium | headless=True
2026-06-01 14:43:26 | INFO | libraries.browser_manager | Viewport set to 1920x1080
2026-06-01 14:43:26 | INFO | libraries.browser_manager | Navigating to URL: http://172.21.166.115/washtabui/login?data=undefined
2026-06-01 14:43:30 | INFO | __main__ | Phase 1 pipeline completed successfully
2026-06-01 14:43:30 | INFO | libraries.browser_manager | Closing browser resources
2026-06-01 14:46:41 | INFO | __main__ | Initializing autonomous pipeline
2026-06-01 14:46:41 | INFO | libraries.config_loader | Loaded config file: config\framework_config.yaml
2026-06-01 14:46:41 | INFO | libraries.config_loader | Loaded config file: config\browser_config.yaml
2026-06-01 14:46:41 | INFO | libraries.config_loader | Loaded config file: config\ai_config.yaml
2026-06-01 14:46:41 | INFO | libraries.config_loader | Loaded config file: config\locator_config.yaml
2026-06-01 14:46:41 | INFO | libraries.config_loader | Loaded config file: config\assertion_config.yaml
2026-06-01 14:46:41 | INFO | __main__ | Artifact directories ready: {'page_data': 'artifacts\\page_data', 'workflow_data': 'artifacts\\workflow_data', 'ai_testcases': 'artifacts\\ai_testcases', 'generated_robot_tests': 'artifacts\\generated_robot_tests', 'locator_intelligence': 'artifacts\\locator_intelligence', 'assertions': 'artifacts\\assertions', 'screenshots': 'artifacts\\screenshots', 'analytics': 'artifacts\\analytics', 'execution': 'artifacts\\execution', 'knowledge_graph': 'artifacts\\knowledge_graph'}
2026-06-01 14:46:41 | INFO | libraries.dom_understanding_engine | DOMUnderstandingEngine initialized
2026-06-01 14:46:41 | INFO | libraries.browser_manager | Starting browser: chromium | headless=False
2026-06-01 14:46:44 | INFO | libraries.browser_manager | Viewport set to 1920x1080
2026-06-01 14:46:44 | INFO | libraries.browser_manager | Navigating to URL: http://172.21.166.115/washtabui/login?data=undefined
2026-06-01 14:46:48 | INFO | libraries.page_analyzer | Starting page analysis
2026-06-01 14:46:48 | INFO | libraries.dom_understanding_engine | Extracting DOM intelligence from current page
2026-06-01 14:46:48 | INFO | libraries.dom_understanding_engine | DOM extraction completed | title=WashTAB! | url=http://172.21.166.115/washtabui/ | elements=25
2026-06-01 14:46:48 | INFO | libraries.dom_understanding_engine | Classification complete | buttons=1 | inputs=4 | links=0 | forms=0 | others=20
2026-06-01 14:46:49 | INFO | libraries.page_analyzer | Saved page screenshot: artifacts\screenshots\washtab_20260601_091648.png
2026-06-01 14:46:49 | INFO | libraries.page_analyzer | Saved page DOM: artifacts\page_data\washtab_20260601_091648.dom.json
2026-06-01 14:46:49 | INFO | libraries.page_analyzer | Saved page analysis: artifacts\page_data\washtab_20260601_091648.analysis.json
2026-06-01 14:46:49 | INFO | libraries.page_analyzer | Page analysis completed | page=washtab | title=WashTAB! | url=http://172.21.166.115/washtabui/
2026-06-01 14:46:49 | INFO | __main__ | Phase 2 pipeline completed successfully
2026-06-01 14:46:49 | INFO | libraries.browser_manager | Closing browser resources
2026-06-01 14:52:55 | INFO | __main__ | Initializing autonomous pipeline
2026-06-01 14:52:55 | INFO | libraries.config_loader | Loaded config file: config\framework_config.yaml
2026-06-01 14:52:55 | INFO | libraries.config_loader | Loaded config file: config\browser_config.yaml
2026-06-01 14:52:55 | INFO | libraries.config_loader | Loaded config file: config\ai_config.yaml
2026-06-01 14:52:55 | INFO | libraries.config_loader | Loaded config file: config\locator_config.yaml
2026-06-01 14:52:55 | INFO | libraries.config_loader | Loaded config file: config\assertion_config.yaml
2026-06-01 14:52:55 | INFO | __main__ | Artifact directories ready: {'page_data': 'artifacts\\page_data', 'workflow_data': 'artifacts\\workflow_data', 'ai_testcases': 'artifacts\\ai_testcases', 'generated_robot_tests': 'artifacts\\generated_robot_tests', 'locator_intelligence': 'artifacts\\locator_intelligence', 'assertions': 'artifacts\\assertions', 'screenshots': 'artifacts\\screenshots', 'analytics': 'artifacts\\analytics', 'execution': 'artifacts\\execution', 'knowledge_graph': 'artifacts\\knowledge_graph'}
2026-06-01 14:52:55 | INFO | libraries.dom_understanding_engine | DOMUnderstandingEngine initialized
2026-06-01 14:52:55 | INFO | libraries.self_healing_locator | SelfHealingLocator initialized
2026-06-01 14:52:55 | INFO | libraries.browser_manager | Starting browser: chromium | headless=False
2026-06-01 14:52:57 | INFO | libraries.browser_manager | Viewport set to 1920x1080
2026-06-01 14:52:57 | INFO | libraries.browser_manager | Navigating to URL: http://172.21.166.115/washtabui/login?data=undefined
2026-06-01 14:53:01 | INFO | libraries.page_analyzer | Starting page analysis
2026-06-01 14:53:01 | INFO | libraries.dom_understanding_engine | Extracting DOM intelligence from current page
2026-06-01 14:53:01 | INFO | libraries.dom_understanding_engine | DOM extraction completed | title=WashTAB! | url=http://172.21.166.115/washtabui/ | elements=25
2026-06-01 14:53:01 | INFO | libraries.dom_understanding_engine | Classification complete | buttons=1 | inputs=4 | links=0 | forms=0 | others=20
2026-06-01 14:53:02 | INFO | libraries.page_analyzer | Saved page screenshot: artifacts\screenshots\washtab_20260601_092301.png
2026-06-01 14:53:02 | INFO | libraries.page_analyzer | Saved page DOM: artifacts\page_data\washtab_20260601_092301.dom.json
2026-06-01 14:53:02 | INFO | libraries.page_analyzer | Saved page analysis: artifacts\page_data\washtab_20260601_092301.analysis.json
2026-06-01 14:53:02 | INFO | libraries.page_analyzer | Page analysis completed | page=washtab | title=WashTAB! | url=http://172.21.166.115/washtabui/
2026-06-01 14:53:02 | INFO | libraries.locator_ranker | Generating locator repository for page: washtab
2026-06-01 14:53:02 | INFO | libraries.locator_ranker | Saved locator repository: artifacts\locator_intelligence\washtab_20260601_092302.locators.json
2026-06-01 14:53:02 | INFO | libraries.locator_ranker | Locator repository generated with 5 records
2026-06-01 14:53:02 | INFO | libraries.self_healing_locator | Attempting self-healing lookup for element: sign_in
2026-06-01 14:53:02 | INFO | libraries.self_healing_locator | Locator matched successfully | element=sign_in | strategy=text | by=xpath | value=//*[normalize-space()="SIGN IN"]
2026-06-01 14:53:02 | INFO | __main__ | Phase 3 pipeline completed successfully
2026-06-01 14:53:02 | INFO | libraries.browser_manager | Closing browser resources
2026-06-01 15:17:29 | INFO | __main__ | Initializing autonomous pipeline
2026-06-01 15:17:29 | INFO | libraries.config_loader | Loaded config file: config\framework_config.yaml
2026-06-01 15:17:29 | INFO | libraries.config_loader | Loaded config file: config\browser_config.yaml
2026-06-01 15:17:29 | INFO | libraries.config_loader | Loaded config file: config\ai_config.yaml
2026-06-01 15:17:29 | INFO | libraries.config_loader | Loaded config file: config\locator_config.yaml
2026-06-01 15:17:29 | INFO | libraries.config_loader | Loaded config file: config\assertion_config.yaml
2026-06-01 15:17:29 | INFO | __main__ | Artifact directories ready: {'page_data': 'artifacts\\page_data', 'workflow_data': 'artifacts\\workflow_data', 'ai_testcases': 'artifacts\\ai_testcases', 'generated_robot_tests': 'artifacts\\generated_robot_tests', 'locator_intelligence': 'artifacts\\locator_intelligence', 'assertions': 'artifacts\\assertions', 'screenshots': 'artifacts\\screenshots', 'analytics': 'artifacts\\analytics', 'execution': 'artifacts\\execution', 'knowledge_graph': 'artifacts\\knowledge_graph'}
2026-06-01 15:17:29 | INFO | libraries.dom_understanding_engine | DOMUnderstandingEngine initialized
2026-06-01 15:17:29 | INFO | libraries.self_healing_locator | SelfHealingLocator initialized
2026-06-01 15:17:29 | INFO | libraries.workflow_agent | WorkflowAgent initialized
2026-06-01 15:17:29 | INFO | libraries.navigation_predictor | NavigationPredictor initialized
2026-06-01 15:17:29 | INFO | libraries.browser_manager | Starting browser: chromium | headless=False | start_maximized=True
2026-06-01 15:17:31 | INFO | libraries.browser_manager | Browser launched with start-maximized argument.
2026-06-01 15:17:31 | INFO | libraries.browser_manager | Navigating to URL: http://172.21.166.115/washtabui/login?data=undefined
2026-06-01 15:17:36 | INFO | libraries.page_analyzer | Starting page analysis
2026-06-01 15:17:36 | INFO | libraries.dom_understanding_engine | Extracting DOM intelligence from current page
2026-06-01 15:17:36 | INFO | libraries.dom_understanding_engine | DOM extraction completed | title=WashTAB! | url=http://172.21.166.115/washtabui/ | elements=25
2026-06-01 15:17:36 | INFO | libraries.dom_understanding_engine | Classification complete | buttons=1 | inputs=4 | links=0 | forms=0 | others=20
2026-06-01 15:17:36 | INFO | libraries.page_analyzer | Saved page screenshot: artifacts\screenshots\washtab_20260601_094736.png
2026-06-01 15:17:36 | INFO | libraries.page_analyzer | Saved page DOM: artifacts\page_data\washtab_20260601_094736.dom.json
2026-06-01 15:17:36 | INFO | libraries.page_analyzer | Saved page analysis: artifacts\page_data\washtab_20260601_094736.analysis.json
2026-06-01 15:17:36 | INFO | libraries.page_analyzer | Page analysis completed | page=washtab | title=WashTAB! | url=http://172.21.166.115/washtabui/
2026-06-01 15:17:36 | INFO | libraries.locator_ranker | Generating locator repository for page: washtab
2026-06-01 15:17:36 | INFO | libraries.locator_ranker | Saved locator repository: artifacts\locator_intelligence\washtab_20260601_094736.locators.json
2026-06-01 15:17:36 | INFO | libraries.locator_ranker | Locator repository generated with 5 records
2026-06-01 15:17:36 | INFO | libraries.self_healing_locator | Attempting self-healing lookup for element: sign_in
2026-06-01 15:17:36 | INFO | libraries.self_healing_locator | Locator matched successfully | element=sign_in | strategy=text | by=xpath | value=//*[normalize-space()="SIGN IN"]
2026-06-01 15:17:36 | INFO | libraries.intelligent_explorer | Starting intelligent exploration
2026-06-01 15:17:36 | INFO | libraries.workflow_agent | WorkflowAgent built 0 exploration candidates
2026-06-01 15:17:36 | INFO | libraries.intelligent_explorer | Exploration complete | attempted=0 | successful=0 | failed=0 | skipped=0
2026-06-01 15:17:36 | INFO | libraries.workflow_memory | Saved workflow graph: artifacts\workflow_data\workflow_graph_20260601_094736.json
2026-06-01 15:17:36 | INFO | libraries.exploration_analytics | Saved exploration analytics: artifacts\analytics\exploration_summary_20260601_094736.json
2026-06-01 15:17:36 | INFO | __main__ | Phase 4 pipeline completed successfully
2026-06-01 15:17:36 | INFO | libraries.browser_manager | Closing browser resources
2026-06-01 15:46:42 | INFO | __main__ | Initializing autonomous pipeline
2026-06-01 15:46:42 | INFO | libraries.config_loader | Loaded config file: config\framework_config.yaml
2026-06-01 15:46:42 | INFO | libraries.config_loader | Loaded config file: config\browser_config.yaml
2026-06-01 15:46:42 | INFO | libraries.config_loader | Loaded config file: config\ai_config.yaml
2026-06-01 15:46:42 | INFO | libraries.config_loader | Loaded config file: config\locator_config.yaml
2026-06-01 15:46:42 | INFO | libraries.config_loader | Loaded config file: config\assertion_config.yaml
2026-06-01 15:46:42 | INFO | __main__ | Artifact directories ready: {'page_data': 'artifacts\\page_data', 'workflow_data': 'artifacts\\workflow_data', 'ai_testcases': 'artifacts\\ai_testcases', 'generated_robot_tests': 'artifacts\\generated_robot_tests', 'locator_intelligence': 'artifacts\\locator_intelligence', 'assertions': 'artifacts\\assertions', 'screenshots': 'artifacts\\screenshots', 'analytics': 'artifacts\\analytics', 'execution': 'artifacts\\execution', 'knowledge_graph': 'artifacts\\knowledge_graph'}
2026-06-01 15:46:42 | INFO | libraries.dom_understanding_engine | DOMUnderstandingEngine initialized
2026-06-01 15:46:42 | INFO | libraries.self_healing_locator | SelfHealingLocator initialized
2026-06-01 15:46:42 | INFO | libraries.workflow_agent | WorkflowAgent initialized
2026-06-01 15:46:42 | INFO | libraries.navigation_predictor | NavigationPredictor initialized
2026-06-01 15:46:42 | INFO | libraries.browser_manager | Starting browser: chromium | headless=False | start_maximized=False | viewport={'width': 1920, 'height': 1080}
2026-06-01 15:46:44 | INFO | libraries.browser_manager | Navigating to URL: http://172.21.166.115/washtabui/home
2026-06-01 15:46:49 | INFO | libraries.browser_manager | Captured screenshot: artifacts\screenshots\initial_landing_page.png
2026-06-01 15:46:49 | INFO | libraries.authenticator | Starting login flow
2026-06-01 15:46:49 | INFO | libraries.authenticator | Executing pre-login click step
2026-06-01 15:47:02 | ERROR | __main__ | Pipeline execution failed: Locator.wait_for: Timeout 10000ms exceeded.
Call log:
  - waiting for locator("//ion-button[contains(., 'Login')]") to be visible
Traceback (most recent call last):
  File "D:\Washtab_New\ai-qa-framework\libraries\run_autonomous_pipeline.py", line 95, in run
    auth_result = self.authenticator.login(page)
                  ^^^^^^^^^^^^^^^^^^^^^^^^^^^^^^
  File "D:\Washtab_New\ai-qa-framework\libraries\authenticator.py", line 69, in login
    submit_locator.wait_for(timeout=10000)
  File "C:\Users\10083745\AppData\Local\Programs\Python\Python311\Lib\site-packages\playwright\sync_api\_generated.py", line 20048, in wait_for
    self._sync(
  File "C:\Users\10083745\AppData\Local\Programs\Python\Python311\Lib\site-packages\playwright\_impl\_sync_base.py", line 115, in _sync
    return task.result()
           ^^^^^^^^^^^^^
  File "C:\Users\10083745\AppData\Local\Programs\Python\Python311\Lib\site-packages\playwright\_impl\_locator.py", line 741, in wait_for
    await self._frame.wait_for_selector(
  File "C:\Users\10083745\AppData\Local\Programs\Python\Python311\Lib\site-packages\playwright\_impl\_frame.py", line 372, in wait_for_selector
    await self._channel.send(
  File "C:\Users\10083745\AppData\Local\Programs\Python\Python311\Lib\site-packages\playwright\_impl\_connection.py", line 69, in send
    return await self._connection.wrap_api_call(
           ^^^^^^^^^^^^^^^^^^^^^^^^^^^^^^^^^^^^^
  File "C:\Users\10083745\AppData\Local\Programs\Python\Python311\Lib\site-packages\playwright\_impl\_connection.py", line 559, in wrap_api_call
    raise rewrite_error(error, f"{parsed_st['apiName']}: {error}") from None
playwright._impl._errors.TimeoutError: Locator.wait_for: Timeout 10000ms exceeded.
Call log:
  - waiting for locator("//ion-button[contains(., 'Login')]") to be visible

2026-06-01 15:47:02 | INFO | libraries.browser_manager | Closing browser resources
2026-06-01 15:48:59 | INFO | __main__ | Initializing autonomous pipeline
2026-06-01 15:48:59 | INFO | libraries.config_loader | Loaded config file: config\framework_config.yaml
2026-06-01 15:48:59 | INFO | libraries.config_loader | Loaded config file: config\browser_config.yaml
2026-06-01 15:48:59 | INFO | libraries.config_loader | Loaded config file: config\ai_config.yaml
2026-06-01 15:48:59 | INFO | libraries.config_loader | Loaded config file: config\locator_config.yaml
2026-06-01 15:48:59 | INFO | libraries.config_loader | Loaded config file: config\assertion_config.yaml
2026-06-01 15:48:59 | INFO | __main__ | Artifact directories ready: {'page_data': 'artifacts\\page_data', 'workflow_data': 'artifacts\\workflow_data', 'ai_testcases': 'artifacts\\ai_testcases', 'generated_robot_tests': 'artifacts\\generated_robot_tests', 'locator_intelligence': 'artifacts\\locator_intelligence', 'assertions': 'artifacts\\assertions', 'screenshots': 'artifacts\\screenshots', 'analytics': 'artifacts\\analytics', 'execution': 'artifacts\\execution', 'knowledge_graph': 'artifacts\\knowledge_graph'}
2026-06-01 15:48:59 | INFO | libraries.dom_understanding_engine | DOMUnderstandingEngine initialized
2026-06-01 15:48:59 | INFO | libraries.self_healing_locator | SelfHealingLocator initialized
2026-06-01 15:48:59 | INFO | libraries.workflow_agent | WorkflowAgent initialized
2026-06-01 15:48:59 | INFO | libraries.navigation_predictor | NavigationPredictor initialized
2026-06-01 15:48:59 | INFO | libraries.browser_manager | Starting browser: chromium | headless=False | viewport=None
2026-06-01 15:49:01 | INFO | libraries.browser_manager | Navigating to URL: http://172.21.166.115/washtabui/home
2026-06-01 15:49:05 | INFO | libraries.browser_manager | Captured screenshot: artifacts\screenshots\initial_landing_page.png
2026-06-01 15:49:05 | INFO | libraries.authenticator | Starting login flow
2026-06-01 15:49:05 | INFO | libraries.authenticator | Executing pre-login click step
2026-06-01 15:49:18 | ERROR | __main__ | Pipeline execution failed: Locator.wait_for: Timeout 10000ms exceeded.
Call log:
  - waiting for locator("//ion-button[contains(., 'Login')]") to be visible
Traceback (most recent call last):
  File "D:\Washtab_New\ai-qa-framework\libraries\run_autonomous_pipeline.py", line 95, in run
    auth_result = self.authenticator.login(page)
                  ^^^^^^^^^^^^^^^^^^^^^^^^^^^^^^
  File "D:\Washtab_New\ai-qa-framework\libraries\authenticator.py", line 69, in login
    submit_locator.wait_for(timeout=10000)
  File "C:\Users\10083745\AppData\Local\Programs\Python\Python311\Lib\site-packages\playwright\sync_api\_generated.py", line 20048, in wait_for
    self._sync(
  File "C:\Users\10083745\AppData\Local\Programs\Python\Python311\Lib\site-packages\playwright\_impl\_sync_base.py", line 115, in _sync
    return task.result()
           ^^^^^^^^^^^^^
  File "C:\Users\10083745\AppData\Local\Programs\Python\Python311\Lib\site-packages\playwright\_impl\_locator.py", line 741, in wait_for
    await self._frame.wait_for_selector(
  File "C:\Users\10083745\AppData\Local\Programs\Python\Python311\Lib\site-packages\playwright\_impl\_frame.py", line 372, in wait_for_selector
    await self._channel.send(
  File "C:\Users\10083745\AppData\Local\Programs\Python\Python311\Lib\site-packages\playwright\_impl\_connection.py", line 69, in send
    return await self._connection.wrap_api_call(
           ^^^^^^^^^^^^^^^^^^^^^^^^^^^^^^^^^^^^^
  File "C:\Users\10083745\AppData\Local\Programs\Python\Python311\Lib\site-packages\playwright\_impl\_connection.py", line 559, in wrap_api_call
    raise rewrite_error(error, f"{parsed_st['apiName']}: {error}") from None
playwright._impl._errors.TimeoutError: Locator.wait_for: Timeout 10000ms exceeded.
Call log:
  - waiting for locator("//ion-button[contains(., 'Login')]") to be visible

2026-06-01 15:49:18 | INFO | libraries.browser_manager | Closing browser resources
2026-06-01 15:52:26 | INFO | __main__ | Initializing autonomous pipeline
2026-06-01 15:52:26 | INFO | libraries.config_loader | Loaded config file: config\framework_config.yaml
2026-06-01 15:52:26 | INFO | libraries.config_loader | Loaded config file: config\browser_config.yaml
2026-06-01 15:52:26 | INFO | libraries.config_loader | Loaded config file: config\ai_config.yaml
2026-06-01 15:52:26 | INFO | libraries.config_loader | Loaded config file: config\locator_config.yaml
2026-06-01 15:52:26 | INFO | libraries.config_loader | Loaded config file: config\assertion_config.yaml
2026-06-01 15:52:26 | INFO | __main__ | Artifact directories ready: {'page_data': 'artifacts\\page_data', 'workflow_data': 'artifacts\\workflow_data', 'ai_testcases': 'artifacts\\ai_testcases', 'generated_robot_tests': 'artifacts\\generated_robot_tests', 'locator_intelligence': 'artifacts\\locator_intelligence', 'assertions': 'artifacts\\assertions', 'screenshots': 'artifacts\\screenshots', 'analytics': 'artifacts\\analytics', 'execution': 'artifacts\\execution', 'knowledge_graph': 'artifacts\\knowledge_graph'}
2026-06-01 15:52:26 | INFO | libraries.dom_understanding_engine | DOMUnderstandingEngine initialized
2026-06-01 15:52:26 | INFO | libraries.self_healing_locator | SelfHealingLocator initialized
2026-06-01 15:52:26 | INFO | libraries.workflow_agent | WorkflowAgent initialized
2026-06-01 15:52:26 | INFO | libraries.navigation_predictor | NavigationPredictor initialized
2026-06-01 15:52:26 | INFO | libraries.browser_manager | Starting browser: chromium | headless=False | viewport=None
2026-06-01 15:52:28 | INFO | libraries.browser_manager | Navigating to URL: http://172.21.166.115/washtabui/home
2026-06-01 15:52:33 | INFO | libraries.browser_manager | Captured screenshot: artifacts\screenshots\initial_landing_page.png
2026-06-01 15:52:33 | INFO | libraries.authenticator | Starting login flow
2026-06-01 15:52:33 | INFO | libraries.authenticator | Executing pre-login click step
2026-06-01 15:52:41 | INFO | libraries.authenticator | Login successful | url=http://172.21.166.115/washtabui/login?data=undefined | title=WashTAB!
2026-06-01 15:52:41 | INFO | libraries.browser_manager | Captured screenshot: artifacts\screenshots\post_login_page.png
2026-06-01 15:52:41 | INFO | libraries.page_analyzer | Starting page analysis
2026-06-01 15:52:41 | INFO | libraries.dom_understanding_engine | Extracting DOM intelligence from current page
2026-06-01 15:52:41 | INFO | libraries.dom_understanding_engine | DOM extraction completed | title=WashTAB! | url=http://172.21.166.115/washtabui/home | elements=21
2026-06-01 15:52:41 | INFO | libraries.dom_understanding_engine | Classification complete | buttons=0 | inputs=0 | links=0 | forms=0 | others=21
2026-06-01 15:52:42 | INFO | libraries.page_analyzer | Saved page screenshot: artifacts\screenshots\washtab_20260601_102241.png
2026-06-01 15:52:42 | INFO | libraries.page_analyzer | Saved page DOM: artifacts\page_data\washtab_20260601_102241.dom.json
2026-06-01 15:52:42 | INFO | libraries.page_analyzer | Saved page analysis: artifacts\page_data\washtab_20260601_102241.analysis.json
2026-06-01 15:52:42 | INFO | libraries.page_analyzer | Page analysis completed | page=washtab | title=WashTAB! | url=http://172.21.166.115/washtabui/home
2026-06-01 15:52:42 | INFO | libraries.locator_ranker | Generating locator repository for page: washtab
2026-06-01 15:52:42 | INFO | libraries.locator_ranker | Saved locator repository: artifacts\locator_intelligence\washtab_20260601_102242.locators.json
2026-06-01 15:52:42 | INFO | libraries.locator_ranker | Locator repository generated with 0 records
2026-06-01 15:52:42 | INFO | libraries.intelligent_explorer | Starting intelligent exploration
2026-06-01 15:52:42 | INFO | libraries.workflow_agent | WorkflowAgent built 0 exploration candidates
2026-06-01 15:52:42 | INFO | libraries.intelligent_explorer | Exploration complete | attempted=0 | successful=0 | failed=0 | skipped=0
2026-06-01 15:52:42 | INFO | libraries.workflow_memory | Saved workflow graph: artifacts\workflow_data\workflow_graph_20260601_102242.json
2026-06-01 15:52:42 | INFO | libraries.exploration_analytics | Saved exploration analytics: artifacts\analytics\exploration_summary_20260601_102242.json
2026-06-01 15:52:42 | INFO | __main__ | Phase 4.5 pipeline completed successfully
2026-06-01 15:52:42 | INFO | libraries.browser_manager | Closing browser resources
2026-06-01 15:55:29 | INFO | __main__ | Initializing autonomous pipeline
2026-06-01 15:55:29 | INFO | libraries.config_loader | Loaded config file: config\framework_config.yaml
2026-06-01 15:55:29 | INFO | libraries.config_loader | Loaded config file: config\browser_config.yaml
2026-06-01 15:55:29 | INFO | libraries.config_loader | Loaded config file: config\ai_config.yaml
2026-06-01 15:55:29 | INFO | libraries.config_loader | Loaded config file: config\locator_config.yaml
2026-06-01 15:55:29 | INFO | libraries.config_loader | Loaded config file: config\assertion_config.yaml
2026-06-01 15:55:29 | INFO | __main__ | Artifact directories ready: {'page_data': 'artifacts\\page_data', 'workflow_data': 'artifacts\\workflow_data', 'ai_testcases': 'artifacts\\ai_testcases', 'generated_robot_tests': 'artifacts\\generated_robot_tests', 'locator_intelligence': 'artifacts\\locator_intelligence', 'assertions': 'artifacts\\assertions', 'screenshots': 'artifacts\\screenshots', 'analytics': 'artifacts\\analytics', 'execution': 'artifacts\\execution', 'knowledge_graph': 'artifacts\\knowledge_graph'}
2026-06-01 15:55:29 | INFO | libraries.dom_understanding_engine | DOMUnderstandingEngine initialized
2026-06-01 15:55:29 | INFO | libraries.self_healing_locator | SelfHealingLocator initialized
2026-06-01 15:55:29 | INFO | libraries.workflow_agent | WorkflowAgent initialized
2026-06-01 15:55:29 | INFO | libraries.navigation_predictor | NavigationPredictor initialized
2026-06-01 15:55:29 | INFO | libraries.browser_manager | Starting browser: chromium | headless=False
2026-06-01 15:55:30 | INFO | libraries.browser_manager | Navigating to URL: http://172.21.166.115/washtabui/home
2026-06-01 15:55:35 | INFO | libraries.browser_manager | Captured screenshot: artifacts\screenshots\initial_landing_page.png
2026-06-01 15:55:35 | INFO | libraries.authenticator | Starting login flow
2026-06-01 15:55:35 | INFO | libraries.authenticator | Executing pre-login click step
2026-06-01 15:55:44 | INFO | libraries.authenticator | Login successful | url=http://172.21.166.115/washtabui/login?data=undefined | title=WashTAB!
2026-06-01 15:55:44 | INFO | libraries.browser_manager | Captured screenshot: artifacts\screenshots\post_login_page.png
2026-06-01 15:55:44 | INFO | libraries.page_analyzer | Starting page analysis
2026-06-01 15:55:44 | INFO | libraries.dom_understanding_engine | Extracting DOM intelligence from current page
2026-06-01 15:55:44 | INFO | libraries.dom_understanding_engine | DOM extraction completed | title=WashTAB! | url=http://172.21.166.115/washtabui/home | elements=21
2026-06-01 15:55:44 | INFO | libraries.dom_understanding_engine | Classification complete | buttons=0 | inputs=0 | links=0 | forms=0 | others=21
2026-06-01 15:55:44 | INFO | libraries.page_analyzer | Saved page screenshot: artifacts\screenshots\washtab_20260601_102544.png
2026-06-01 15:55:44 | INFO | libraries.page_analyzer | Saved page DOM: artifacts\page_data\washtab_20260601_102544.dom.json
2026-06-01 15:55:44 | INFO | libraries.page_analyzer | Saved page analysis: artifacts\page_data\washtab_20260601_102544.analysis.json
2026-06-01 15:55:44 | INFO | libraries.page_analyzer | Page analysis completed | page=washtab | title=WashTAB! | url=http://172.21.166.115/washtabui/home
2026-06-01 15:55:44 | INFO | libraries.locator_ranker | Generating locator repository for page: washtab
2026-06-01 15:55:44 | INFO | libraries.locator_ranker | Saved locator repository: artifacts\locator_intelligence\washtab_20260601_102544.locators.json
2026-06-01 15:55:44 | INFO | libraries.locator_ranker | Locator repository generated with 0 records
2026-06-01 15:55:44 | INFO | libraries.intelligent_explorer | Starting intelligent exploration
2026-06-01 15:55:44 | INFO | libraries.workflow_agent | WorkflowAgent built 0 exploration candidates
2026-06-01 15:55:44 | INFO | libraries.intelligent_explorer | Exploration complete | attempted=0 | successful=0 | failed=0 | skipped=0
2026-06-01 15:55:44 | INFO | libraries.workflow_memory | Saved workflow graph: artifacts\workflow_data\workflow_graph_20260601_102544.json
2026-06-01 15:55:44 | INFO | libraries.exploration_analytics | Saved exploration analytics: artifacts\analytics\exploration_summary_20260601_102544.json
2026-06-01 15:55:44 | INFO | __main__ | Phase 4.5 pipeline completed successfully
2026-06-01 15:55:44 | INFO | libraries.browser_manager | Closing browser resources
2026-06-01 15:58:38 | INFO | __main__ | Initializing autonomous pipeline
2026-06-01 15:58:38 | INFO | libraries.config_loader | Loaded config file: config\framework_config.yaml
2026-06-01 15:58:38 | INFO | libraries.config_loader | Loaded config file: config\browser_config.yaml
2026-06-01 15:58:38 | INFO | libraries.config_loader | Loaded config file: config\ai_config.yaml
2026-06-01 15:58:38 | INFO | libraries.config_loader | Loaded config file: config\locator_config.yaml
2026-06-01 15:58:38 | INFO | libraries.config_loader | Loaded config file: config\assertion_config.yaml
2026-06-01 15:58:38 | INFO | __main__ | Artifact directories ready: {'page_data': 'artifacts\\page_data', 'workflow_data': 'artifacts\\workflow_data', 'ai_testcases': 'artifacts\\ai_testcases', 'generated_robot_tests': 'artifacts\\generated_robot_tests', 'locator_intelligence': 'artifacts\\locator_intelligence', 'assertions': 'artifacts\\assertions', 'screenshots': 'artifacts\\screenshots', 'analytics': 'artifacts\\analytics', 'execution': 'artifacts\\execution', 'knowledge_graph': 'artifacts\\knowledge_graph'}
2026-06-01 15:58:38 | INFO | libraries.dom_understanding_engine | DOMUnderstandingEngine initialized
2026-06-01 15:58:38 | INFO | libraries.self_healing_locator | SelfHealingLocator initialized
2026-06-01 15:58:38 | INFO | libraries.workflow_agent | WorkflowAgent initialized
2026-06-01 15:58:38 | INFO | libraries.navigation_predictor | NavigationPredictor initialized
2026-06-01 15:58:38 | INFO | libraries.browser_manager | Starting browser: chromium | headless=False
2026-06-01 15:58:38 | INFO | libraries.browser_manager | Launching browser with screen size 1366x768
2026-06-01 15:58:41 | INFO | libraries.browser_manager | Navigating to URL: http://172.21.166.115/washtabui/home
2026-06-01 15:58:46 | INFO | libraries.browser_manager | Captured screenshot: artifacts\screenshots\initial_landing_page.png
2026-06-01 15:58:46 | INFO | libraries.authenticator | Starting login flow
2026-06-01 15:58:46 | INFO | libraries.authenticator | Executing pre-login click step
2026-06-01 15:58:54 | INFO | libraries.authenticator | Login successful | url=http://172.21.166.115/washtabui/login?data=undefined | title=WashTAB!
2026-06-01 15:58:54 | INFO | libraries.browser_manager | Captured screenshot: artifacts\screenshots\post_login_page.png
2026-06-01 15:58:54 | INFO | libraries.page_analyzer | Starting page analysis
2026-06-01 15:58:54 | INFO | libraries.dom_understanding_engine | Extracting DOM intelligence from current page
2026-06-01 15:58:54 | INFO | libraries.dom_understanding_engine | DOM extraction completed | title=WashTAB! | url=http://172.21.166.115/washtabui/home | elements=21
2026-06-01 15:58:54 | INFO | libraries.dom_understanding_engine | Classification complete | buttons=0 | inputs=0 | links=0 | forms=0 | others=21
2026-06-01 15:58:55 | INFO | libraries.page_analyzer | Saved page screenshot: artifacts\screenshots\washtab_20260601_102854.png
2026-06-01 15:58:55 | INFO | libraries.page_analyzer | Saved page DOM: artifacts\page_data\washtab_20260601_102854.dom.json
2026-06-01 15:58:55 | INFO | libraries.page_analyzer | Saved page analysis: artifacts\page_data\washtab_20260601_102854.analysis.json
2026-06-01 15:58:55 | INFO | libraries.page_analyzer | Page analysis completed | page=washtab | title=WashTAB! | url=http://172.21.166.115/washtabui/home
2026-06-01 15:58:55 | INFO | libraries.locator_ranker | Generating locator repository for page: washtab
2026-06-01 15:58:55 | INFO | libraries.locator_ranker | Saved locator repository: artifacts\locator_intelligence\washtab_20260601_102855.locators.json
2026-06-01 15:58:55 | INFO | libraries.locator_ranker | Locator repository generated with 0 records
2026-06-01 15:58:55 | INFO | libraries.intelligent_explorer | Starting intelligent exploration
2026-06-01 15:58:55 | INFO | libraries.workflow_agent | WorkflowAgent built 0 exploration candidates
2026-06-01 15:58:55 | INFO | libraries.intelligent_explorer | Exploration complete | attempted=0 | successful=0 | failed=0 | skipped=0
2026-06-01 15:58:55 | INFO | libraries.workflow_memory | Saved workflow graph: artifacts\workflow_data\workflow_graph_20260601_102855.json
2026-06-01 15:58:55 | INFO | libraries.exploration_analytics | Saved exploration analytics: artifacts\analytics\exploration_summary_20260601_102855.json
2026-06-01 15:58:55 | INFO | __main__ | Phase 4.5 pipeline completed successfully
2026-06-01 15:58:55 | INFO | libraries.browser_manager | Closing browser resources
2026-06-01 16:04:32 | INFO | __main__ | Initializing autonomous pipeline
2026-06-01 16:04:32 | INFO | libraries.config_loader | Loaded config file: config\framework_config.yaml
2026-06-01 16:04:32 | INFO | libraries.config_loader | Loaded config file: config\browser_config.yaml
2026-06-01 16:04:32 | INFO | libraries.config_loader | Loaded config file: config\ai_config.yaml
2026-06-01 16:04:32 | INFO | libraries.config_loader | Loaded config file: config\locator_config.yaml
2026-06-01 16:04:32 | INFO | libraries.config_loader | Loaded config file: config\assertion_config.yaml
2026-06-01 16:04:32 | INFO | __main__ | Artifact directories ready: {'page_data': 'artifacts\\page_data', 'workflow_data': 'artifacts\\workflow_data', 'ai_testcases': 'artifacts\\ai_testcases', 'generated_robot_tests': 'artifacts\\generated_robot_tests', 'locator_intelligence': 'artifacts\\locator_intelligence', 'assertions': 'artifacts\\assertions', 'screenshots': 'artifacts\\screenshots', 'analytics': 'artifacts\\analytics', 'execution': 'artifacts\\execution', 'knowledge_graph': 'artifacts\\knowledge_graph'}
2026-06-01 16:04:32 | INFO | libraries.dom_understanding_engine | DOMUnderstandingEngine initialized
2026-06-01 16:04:32 | INFO | libraries.self_healing_locator | SelfHealingLocator initialized
2026-06-01 16:04:32 | INFO | libraries.workflow_agent | WorkflowAgent initialized
2026-06-01 16:04:32 | INFO | libraries.navigation_predictor | NavigationPredictor initialized
2026-06-01 16:04:32 | INFO | libraries.browser_manager | Starting browser: chromium | headless=False
2026-06-01 16:04:34 | INFO | libraries.browser_manager | Navigating to URL: http://172.21.166.115/washtabui/home
2026-06-01 16:04:39 | INFO | libraries.browser_manager | Captured screenshot: artifacts\screenshots\initial_landing_page.png
2026-06-01 16:04:39 | INFO | libraries.authenticator | Starting login flow
2026-06-01 16:04:39 | INFO | libraries.authenticator | Executing pre-login click step
2026-06-01 16:04:48 | INFO | libraries.authenticator | Login successful | url=http://172.21.166.115/washtabui/login?data=undefined | title=WashTAB!
2026-06-01 16:04:49 | INFO | libraries.browser_manager | Captured screenshot: artifacts\screenshots\post_login_page.png
2026-06-01 16:04:49 | INFO | libraries.page_analyzer | Starting page analysis
2026-06-01 16:04:49 | INFO | libraries.dom_understanding_engine | Extracting DOM intelligence from current page
2026-06-01 16:04:49 | INFO | libraries.dom_understanding_engine | DOM extraction completed | title=WashTAB! | url=http://172.21.166.115/washtabui/home | elements=21
2026-06-01 16:04:49 | INFO | libraries.dom_understanding_engine | Classification complete | buttons=0 | inputs=0 | links=0 | forms=0 | others=21
2026-06-01 16:04:49 | INFO | libraries.page_analyzer | Saved page screenshot: artifacts\screenshots\washtab_20260601_103449.png
2026-06-01 16:04:49 | INFO | libraries.page_analyzer | Saved page DOM: artifacts\page_data\washtab_20260601_103449.dom.json
2026-06-01 16:04:49 | INFO | libraries.page_analyzer | Saved page analysis: artifacts\page_data\washtab_20260601_103449.analysis.json
2026-06-01 16:04:49 | INFO | libraries.page_analyzer | Page analysis completed | page=washtab | title=WashTAB! | url=http://172.21.166.115/washtabui/home
2026-06-01 16:04:49 | INFO | libraries.locator_ranker | Generating locator repository for page: washtab
2026-06-01 16:04:49 | INFO | libraries.locator_ranker | Saved locator repository: artifacts\locator_intelligence\washtab_20260601_103449.locators.json
2026-06-01 16:04:49 | INFO | libraries.locator_ranker | Locator repository generated with 0 records
2026-06-01 16:04:49 | INFO | libraries.intelligent_explorer | Starting intelligent exploration
2026-06-01 16:04:49 | INFO | libraries.workflow_agent | WorkflowAgent built 0 exploration candidates
2026-06-01 16:04:49 | INFO | libraries.intelligent_explorer | Exploration complete | attempted=0 | successful=0 | failed=0 | skipped=0
2026-06-01 16:04:49 | INFO | libraries.workflow_memory | Saved workflow graph: artifacts\workflow_data\workflow_graph_20260601_103449.json
2026-06-01 16:04:49 | INFO | libraries.exploration_analytics | Saved exploration analytics: artifacts\analytics\exploration_summary_20260601_103449.json
2026-06-01 16:04:49 | INFO | __main__ | Phase 4.5 pipeline completed successfully
2026-06-01 16:04:49 | INFO | libraries.browser_manager | Closing browser resources
2026-06-01 16:05:08 | INFO | __main__ | Initializing autonomous pipeline
2026-06-01 16:05:08 | INFO | libraries.config_loader | Loaded config file: config\framework_config.yaml
2026-06-01 16:05:08 | INFO | libraries.config_loader | Loaded config file: config\browser_config.yaml
2026-06-01 16:05:08 | INFO | libraries.config_loader | Loaded config file: config\ai_config.yaml
2026-06-01 16:05:08 | INFO | libraries.config_loader | Loaded config file: config\locator_config.yaml
2026-06-01 16:05:08 | INFO | libraries.config_loader | Loaded config file: config\assertion_config.yaml
2026-06-01 16:05:08 | INFO | __main__ | Artifact directories ready: {'page_data': 'artifacts\\page_data', 'workflow_data': 'artifacts\\workflow_data', 'ai_testcases': 'artifacts\\ai_testcases', 'generated_robot_tests': 'artifacts\\generated_robot_tests', 'locator_intelligence': 'artifacts\\locator_intelligence', 'assertions': 'artifacts\\assertions', 'screenshots': 'artifacts\\screenshots', 'analytics': 'artifacts\\analytics', 'execution': 'artifacts\\execution', 'knowledge_graph': 'artifacts\\knowledge_graph'}
2026-06-01 16:05:08 | INFO | libraries.dom_understanding_engine | DOMUnderstandingEngine initialized
2026-06-01 16:05:08 | INFO | libraries.self_healing_locator | SelfHealingLocator initialized
2026-06-01 16:05:08 | INFO | libraries.workflow_agent | WorkflowAgent initialized
2026-06-01 16:05:08 | INFO | libraries.navigation_predictor | NavigationPredictor initialized
2026-06-01 16:05:08 | INFO | libraries.browser_manager | Starting browser: chromium | headless=False | viewport=None
2026-06-01 16:05:09 | INFO | libraries.browser_manager | Navigating to URL: http://172.21.166.115/washtabui/home
2026-06-01 16:05:15 | INFO | libraries.browser_manager | Captured screenshot: artifacts\screenshots\initial_landing_page.png
2026-06-01 16:05:15 | INFO | libraries.authenticator | Starting login flow
2026-06-01 16:05:15 | INFO | libraries.authenticator | Executing pre-login click step
2026-06-01 16:05:24 | INFO | libraries.authenticator | Login successful | url=http://172.21.166.115/washtabui/login?data=undefined | title=WashTAB!
2026-06-01 16:05:25 | INFO | libraries.browser_manager | Captured screenshot: artifacts\screenshots\post_login_page.png
2026-06-01 16:05:25 | INFO | libraries.page_analyzer | Starting page analysis
2026-06-01 16:05:25 | INFO | libraries.dom_understanding_engine | Extracting DOM intelligence from current page
2026-06-01 16:05:25 | INFO | libraries.dom_understanding_engine | DOM extraction completed | title=WashTAB! | url=http://172.21.166.115/washtabui/home | elements=21
2026-06-01 16:05:25 | INFO | libraries.dom_understanding_engine | Classification complete | buttons=0 | inputs=0 | links=0 | forms=0 | others=21
2026-06-01 16:05:25 | INFO | libraries.page_analyzer | Saved page screenshot: artifacts\screenshots\washtab_20260601_103525.png
2026-06-01 16:05:25 | INFO | libraries.page_analyzer | Saved page DOM: artifacts\page_data\washtab_20260601_103525.dom.json
2026-06-01 16:05:25 | INFO | libraries.page_analyzer | Saved page analysis: artifacts\page_data\washtab_20260601_103525.analysis.json
2026-06-01 16:05:25 | INFO | libraries.page_analyzer | Page analysis completed | page=washtab | title=WashTAB! | url=http://172.21.166.115/washtabui/home
2026-06-01 16:05:25 | INFO | libraries.locator_ranker | Generating locator repository for page: washtab
2026-06-01 16:05:25 | INFO | libraries.locator_ranker | Saved locator repository: artifacts\locator_intelligence\washtab_20260601_103525.locators.json
2026-06-01 16:05:25 | INFO | libraries.locator_ranker | Locator repository generated with 0 records
2026-06-01 16:05:25 | INFO | libraries.intelligent_explorer | Starting intelligent exploration
2026-06-01 16:05:25 | INFO | libraries.workflow_agent | WorkflowAgent built 0 exploration candidates
2026-06-01 16:05:25 | INFO | libraries.intelligent_explorer | Exploration complete | attempted=0 | successful=0 | failed=0 | skipped=0
2026-06-01 16:05:25 | INFO | libraries.workflow_memory | Saved workflow graph: artifacts\workflow_data\workflow_graph_20260601_103525.json
2026-06-01 16:05:25 | INFO | libraries.exploration_analytics | Saved exploration analytics: artifacts\analytics\exploration_summary_20260601_103525.json
2026-06-01 16:05:25 | INFO | __main__ | Phase 4.5 pipeline completed successfully
2026-06-01 16:05:25 | INFO | libraries.browser_manager | Closing browser resources
2026-06-01 16:05:53 | INFO | __main__ | Initializing autonomous pipeline
2026-06-01 16:05:53 | INFO | libraries.config_loader | Loaded config file: config\framework_config.yaml
2026-06-01 16:05:53 | INFO | libraries.config_loader | Loaded config file: config\browser_config.yaml
2026-06-01 16:05:53 | INFO | libraries.config_loader | Loaded config file: config\ai_config.yaml
2026-06-01 16:05:53 | INFO | libraries.config_loader | Loaded config file: config\locator_config.yaml
2026-06-01 16:05:53 | INFO | libraries.config_loader | Loaded config file: config\assertion_config.yaml
2026-06-01 16:05:53 | INFO | __main__ | Artifact directories ready: {'page_data': 'artifacts\\page_data', 'workflow_data': 'artifacts\\workflow_data', 'ai_testcases': 'artifacts\\ai_testcases', 'generated_robot_tests': 'artifacts\\generated_robot_tests', 'locator_intelligence': 'artifacts\\locator_intelligence', 'assertions': 'artifacts\\assertions', 'screenshots': 'artifacts\\screenshots', 'analytics': 'artifacts\\analytics', 'execution': 'artifacts\\execution', 'knowledge_graph': 'artifacts\\knowledge_graph'}
2026-06-01 16:05:53 | INFO | libraries.dom_understanding_engine | DOMUnderstandingEngine initialized
2026-06-01 16:05:53 | INFO | libraries.self_healing_locator | SelfHealingLocator initialized
2026-06-01 16:05:53 | INFO | libraries.workflow_agent | WorkflowAgent initialized
2026-06-01 16:05:53 | INFO | libraries.navigation_predictor | NavigationPredictor initialized
2026-06-01 16:05:53 | INFO | libraries.browser_manager | Starting browser: chromium | headless=False
2026-06-01 16:05:54 | INFO | libraries.browser_manager | Navigating to URL: http://172.21.166.115/washtabui/home
2026-06-01 16:06:00 | INFO | libraries.browser_manager | Captured screenshot: artifacts\screenshots\initial_landing_page.png
2026-06-01 16:06:00 | INFO | libraries.authenticator | Starting login flow
2026-06-01 16:06:00 | INFO | libraries.authenticator | Executing pre-login click step
2026-06-01 16:06:10 | INFO | libraries.authenticator | Login successful | url=http://172.21.166.115/washtabui/login?data=undefined | title=WashTAB!
2026-06-01 16:06:10 | INFO | libraries.browser_manager | Captured screenshot: artifacts\screenshots\post_login_page.png
2026-06-01 16:06:10 | INFO | libraries.page_analyzer | Starting page analysis
2026-06-01 16:06:10 | INFO | libraries.dom_understanding_engine | Extracting DOM intelligence from current page
2026-06-01 16:06:11 | INFO | libraries.dom_understanding_engine | DOM extraction completed | title=WashTAB! | url=http://172.21.166.115/washtabui/home | elements=21
2026-06-01 16:06:11 | INFO | libraries.dom_understanding_engine | Classification complete | buttons=0 | inputs=0 | links=0 | forms=0 | others=21
2026-06-01 16:06:11 | INFO | libraries.page_analyzer | Saved page screenshot: artifacts\screenshots\washtab_20260601_103611.png
2026-06-01 16:06:11 | INFO | libraries.page_analyzer | Saved page DOM: artifacts\page_data\washtab_20260601_103611.dom.json
2026-06-01 16:06:11 | INFO | libraries.page_analyzer | Saved page analysis: artifacts\page_data\washtab_20260601_103611.analysis.json
2026-06-01 16:06:11 | INFO | libraries.page_analyzer | Page analysis completed | page=washtab | title=WashTAB! | url=http://172.21.166.115/washtabui/home
2026-06-01 16:06:11 | INFO | libraries.locator_ranker | Generating locator repository for page: washtab
2026-06-01 16:06:11 | INFO | libraries.locator_ranker | Saved locator repository: artifacts\locator_intelligence\washtab_20260601_103611.locators.json
2026-06-01 16:06:11 | INFO | libraries.locator_ranker | Locator repository generated with 0 records
2026-06-01 16:06:11 | INFO | libraries.intelligent_explorer | Starting intelligent exploration
2026-06-01 16:06:11 | INFO | libraries.workflow_agent | WorkflowAgent built 0 exploration candidates
2026-06-01 16:06:11 | INFO | libraries.intelligent_explorer | Exploration complete | attempted=0 | successful=0 | failed=0 | skipped=0
2026-06-01 16:06:11 | INFO | libraries.workflow_memory | Saved workflow graph: artifacts\workflow_data\workflow_graph_20260601_103611.json
2026-06-01 16:06:11 | INFO | libraries.exploration_analytics | Saved exploration analytics: artifacts\analytics\exploration_summary_20260601_103611.json
2026-06-01 16:06:11 | INFO | __main__ | Phase 4.5 pipeline completed successfully
2026-06-01 16:06:11 | INFO | libraries.browser_manager | Closing browser resources
2026-06-01 16:06:17 | INFO | __main__ | Initializing autonomous pipeline
2026-06-01 16:06:17 | INFO | libraries.config_loader | Loaded config file: config\framework_config.yaml
2026-06-01 16:06:17 | INFO | libraries.config_loader | Loaded config file: config\browser_config.yaml
2026-06-01 16:06:17 | INFO | libraries.config_loader | Loaded config file: config\ai_config.yaml
2026-06-01 16:06:17 | INFO | libraries.config_loader | Loaded config file: config\locator_config.yaml
2026-06-01 16:06:17 | INFO | libraries.config_loader | Loaded config file: config\assertion_config.yaml
2026-06-01 16:06:17 | INFO | __main__ | Artifact directories ready: {'page_data': 'artifacts\\page_data', 'workflow_data': 'artifacts\\workflow_data', 'ai_testcases': 'artifacts\\ai_testcases', 'generated_robot_tests': 'artifacts\\generated_robot_tests', 'locator_intelligence': 'artifacts\\locator_intelligence', 'assertions': 'artifacts\\assertions', 'screenshots': 'artifacts\\screenshots', 'analytics': 'artifacts\\analytics', 'execution': 'artifacts\\execution', 'knowledge_graph': 'artifacts\\knowledge_graph'}
2026-06-01 16:06:17 | INFO | libraries.dom_understanding_engine | DOMUnderstandingEngine initialized
2026-06-01 16:06:17 | INFO | libraries.self_healing_locator | SelfHealingLocator initialized
2026-06-01 16:06:17 | INFO | libraries.workflow_agent | WorkflowAgent initialized
2026-06-01 16:06:17 | INFO | libraries.navigation_predictor | NavigationPredictor initialized
2026-06-01 16:06:17 | INFO | libraries.browser_manager | Starting browser: chromium | headless=False
2026-06-01 16:06:18 | INFO | libraries.browser_manager | Launching browser with screen size 1366x768
2026-06-01 16:06:19 | INFO | libraries.browser_manager | Navigating to URL: http://172.21.166.115/washtabui/home
2026-06-01 16:06:26 | INFO | libraries.browser_manager | Captured screenshot: artifacts\screenshots\initial_landing_page.png
2026-06-01 16:06:26 | INFO | libraries.authenticator | Starting login flow
2026-06-01 16:06:26 | INFO | libraries.authenticator | Executing pre-login click step
2026-06-01 16:06:35 | INFO | libraries.authenticator | Login successful | url=http://172.21.166.115/washtabui/login?data=undefined | title=WashTAB!
2026-06-01 16:06:36 | INFO | libraries.browser_manager | Captured screenshot: artifacts\screenshots\post_login_page.png
2026-06-01 16:06:36 | INFO | libraries.page_analyzer | Starting page analysis
2026-06-01 16:06:36 | INFO | libraries.dom_understanding_engine | Extracting DOM intelligence from current page
2026-06-01 16:06:36 | INFO | libraries.dom_understanding_engine | DOM extraction completed | title=WashTAB! | url=http://172.21.166.115/washtabui/home | elements=21
2026-06-01 16:06:36 | INFO | libraries.dom_understanding_engine | Classification complete | buttons=0 | inputs=0 | links=0 | forms=0 | others=21
2026-06-01 16:06:36 | INFO | libraries.page_analyzer | Saved page screenshot: artifacts\screenshots\washtab_20260601_103636.png
2026-06-01 16:06:36 | INFO | libraries.page_analyzer | Saved page DOM: artifacts\page_data\washtab_20260601_103636.dom.json
2026-06-01 16:06:36 | INFO | libraries.page_analyzer | Saved page analysis: artifacts\page_data\washtab_20260601_103636.analysis.json
2026-06-01 16:06:36 | INFO | libraries.page_analyzer | Page analysis completed | page=washtab | title=WashTAB! | url=http://172.21.166.115/washtabui/home
2026-06-01 16:06:36 | INFO | libraries.locator_ranker | Generating locator repository for page: washtab
2026-06-01 16:06:36 | INFO | libraries.locator_ranker | Saved locator repository: artifacts\locator_intelligence\washtab_20260601_103636.locators.json
2026-06-01 16:06:36 | INFO | libraries.locator_ranker | Locator repository generated with 0 records
2026-06-01 16:06:36 | INFO | libraries.intelligent_explorer | Starting intelligent exploration
2026-06-01 16:06:36 | INFO | libraries.workflow_agent | WorkflowAgent built 0 exploration candidates
2026-06-01 16:06:36 | INFO | libraries.intelligent_explorer | Exploration complete | attempted=0 | successful=0 | failed=0 | skipped=0
2026-06-01 16:06:36 | INFO | libraries.workflow_memory | Saved workflow graph: artifacts\workflow_data\workflow_graph_20260601_103636.json
2026-06-01 16:06:36 | INFO | libraries.exploration_analytics | Saved exploration analytics: artifacts\analytics\exploration_summary_20260601_103636.json
2026-06-01 16:06:36 | INFO | __main__ | Phase 4.5 pipeline completed successfully
2026-06-01 16:06:36 | INFO | libraries.browser_manager | Closing browser resources
2026-06-01 17:52:55 | INFO | __main__ | Initializing autonomous pipeline
2026-06-01 17:52:55 | INFO | libraries.config_loader | Loaded config file: config\framework_config.yaml
2026-06-01 17:52:55 | INFO | libraries.config_loader | Loaded config file: config\browser_config.yaml
2026-06-01 17:52:55 | INFO | libraries.config_loader | Loaded config file: config\ai_config.yaml
2026-06-01 17:52:55 | INFO | libraries.config_loader | Loaded config file: config\locator_config.yaml
2026-06-01 17:52:55 | INFO | libraries.config_loader | Loaded config file: config\assertion_config.yaml
2026-06-01 17:52:55 | INFO | __main__ | Artifact directories ready: {'page_data': 'artifacts\\page_data', 'workflow_data': 'artifacts\\workflow_data', 'ai_testcases': 'artifacts\\ai_testcases', 'generated_robot_tests': 'artifacts\\generated_robot_tests', 'locator_intelligence': 'artifacts\\locator_intelligence', 'assertions': 'artifacts\\assertions', 'screenshots': 'artifacts\\screenshots', 'analytics': 'artifacts\\analytics', 'execution': 'artifacts\\execution', 'knowledge_graph': 'artifacts\\knowledge_graph'}
2026-06-01 17:52:55 | INFO | libraries.dom_understanding_engine | DOMUnderstandingEngine initialized
2026-06-01 17:52:55 | INFO | libraries.self_healing_locator | SelfHealingLocator initialized
2026-06-01 17:52:55 | INFO | libraries.workflow_agent | WorkflowAgent initialized
2026-06-01 17:52:55 | INFO | libraries.navigation_predictor | NavigationPredictor initialized
2026-06-01 17:52:55 | INFO | libraries.browser_manager | Starting browser: chromium | headless=False
2026-06-01 17:52:56 | INFO | libraries.browser_manager | Launching browser with screen size 1366x768
2026-06-01 17:52:58 | INFO | libraries.browser_manager | Navigating to URL: http://172.21.166.115/washtabui/home
2026-06-01 17:53:03 | INFO | libraries.browser_manager | Captured screenshot: artifacts\screenshots\initial_landing_page.png
2026-06-01 17:53:03 | INFO | libraries.authenticator | Starting login flow
2026-06-01 17:53:03 | INFO | libraries.authenticator | Executing pre-login click step
2026-06-01 17:53:13 | INFO | libraries.authenticator | Login successful | url=http://172.21.166.115/washtabui/login?data=undefined | title=WashTAB!
2026-06-01 17:53:13 | INFO | libraries.browser_manager | Captured screenshot: artifacts\screenshots\post_login_page.png
2026-06-01 17:53:13 | INFO | libraries.page_analyzer | Starting page analysis
2026-06-01 17:53:13 | INFO | libraries.dom_understanding_engine | Extracting DOM intelligence from current page
2026-06-01 17:53:13 | INFO | libraries.dom_understanding_engine | DOM extraction completed | title=WashTAB! | url=http://172.21.166.115/washtabui/home | elements=44
2026-06-01 17:53:13 | INFO | libraries.dom_understanding_engine | Classification complete | buttons=17 | inputs=0 | links=0 | forms=0 | others=27
2026-06-01 17:53:13 | INFO | libraries.page_analyzer | Saved page screenshot: artifacts\screenshots\washtab_20260601_122313.png
2026-06-01 17:53:13 | INFO | libraries.page_analyzer | Saved page DOM: artifacts\page_data\washtab_20260601_122313.dom.json
2026-06-01 17:53:13 | INFO | libraries.page_analyzer | Saved page analysis: artifacts\page_data\washtab_20260601_122313.analysis.json
2026-06-01 17:53:13 | INFO | libraries.page_analyzer | Page analysis completed | page=washtab | title=WashTAB! | url=http://172.21.166.115/washtabui/home
2026-06-01 17:53:13 | INFO | libraries.locator_ranker | Generating locator repository for page: washtab
2026-06-01 17:53:13 | INFO | libraries.locator_ranker | Saved locator repository: artifacts\locator_intelligence\washtab_20260601_122313.locators.json
2026-06-01 17:53:13 | INFO | libraries.locator_ranker | Locator repository generated with 17 records
2026-06-01 17:53:13 | INFO | libraries.self_healing_locator | Attempting self-healing lookup for element: ion-fab-button_1
2026-06-01 17:53:13 | INFO | libraries.self_healing_locator | Locator matched successfully | element=ion-fab-button_1 | strategy=xpath | by=xpath | value=/html[1]/body[1]/app-root[1]/ion-app[1]/ion-router-outlet[1]/app-home[1]/app-ics-main-template[1]/ion-header[1]/ion-toolbar[1]/ion-grid[1]/ion-row[1]/ion-col[2]/ion-fab[1]/ion-fab-list[1]/ion-fab-button[1]
2026-06-01 17:53:13 | INFO | libraries.intelligent_explorer | Starting intelligent exploration
2026-06-01 17:53:13 | INFO | libraries.workflow_agent | WorkflowAgent built 0 exploration candidates
2026-06-01 17:53:13 | INFO | libraries.intelligent_explorer | Exploration complete | attempted=0 | successful=0 | failed=0 | skipped=0
2026-06-01 17:53:13 | INFO | libraries.workflow_memory | Saved workflow graph: artifacts\workflow_data\workflow_graph_20260601_122313.json
2026-06-01 17:53:13 | INFO | libraries.exploration_analytics | Saved exploration analytics: artifacts\analytics\exploration_summary_20260601_122313.json
2026-06-01 17:53:13 | INFO | __main__ | Phase 4.5 pipeline completed successfully
2026-06-01 17:53:13 | INFO | libraries.browser_manager | Closing browser resources
2026-06-01 17:59:33 | INFO | __main__ | Initializing autonomous pipeline
2026-06-01 17:59:33 | INFO | libraries.config_loader | Loaded config file: config\framework_config.yaml
2026-06-01 17:59:33 | INFO | libraries.config_loader | Loaded config file: config\browser_config.yaml
2026-06-01 17:59:33 | INFO | libraries.config_loader | Loaded config file: config\ai_config.yaml
2026-06-01 17:59:33 | INFO | libraries.config_loader | Loaded config file: config\locator_config.yaml
2026-06-01 17:59:33 | INFO | libraries.config_loader | Loaded config file: config\assertion_config.yaml
2026-06-01 17:59:33 | INFO | __main__ | Artifact directories ready: {'page_data': 'artifacts\\page_data', 'workflow_data': 'artifacts\\workflow_data', 'ai_testcases': 'artifacts\\ai_testcases', 'generated_robot_tests': 'artifacts\\generated_robot_tests', 'locator_intelligence': 'artifacts\\locator_intelligence', 'assertions': 'artifacts\\assertions', 'screenshots': 'artifacts\\screenshots', 'analytics': 'artifacts\\analytics', 'execution': 'artifacts\\execution', 'knowledge_graph': 'artifacts\\knowledge_graph'}
2026-06-01 17:59:33 | INFO | libraries.dom_understanding_engine | DOMUnderstandingEngine initialized
2026-06-01 17:59:33 | INFO | libraries.self_healing_locator | SelfHealingLocator initialized
2026-06-01 17:59:33 | INFO | libraries.workflow_agent | WorkflowAgent initialized
2026-06-01 17:59:33 | INFO | libraries.navigation_predictor | NavigationPredictor initialized
2026-06-01 17:59:33 | INFO | libraries.browser_manager | Starting browser: chromium | headless=False
2026-06-01 17:59:33 | INFO | libraries.browser_manager | Launching browser with screen size 1366x768
2026-06-01 17:59:35 | INFO | libraries.browser_manager | Navigating to URL: http://172.21.166.115/washtabui/home
2026-06-01 17:59:40 | INFO | libraries.browser_manager | Captured screenshot: artifacts\screenshots\initial_landing_page.png
2026-06-01 17:59:40 | INFO | libraries.authenticator | Starting login flow
2026-06-01 17:59:40 | INFO | libraries.authenticator | Executing pre-login click step
2026-06-01 17:59:51 | INFO | libraries.authenticator | Login successful | url=http://172.21.166.115/washtabui/home | title=WashTAB!
2026-06-01 17:59:51 | INFO | libraries.browser_manager | Captured screenshot: artifacts\screenshots\post_login_page.png
2026-06-01 17:59:51 | INFO | libraries.page_analyzer | Starting page analysis
2026-06-01 17:59:51 | INFO | libraries.dom_understanding_engine | Extracting DOM intelligence from current page
2026-06-01 17:59:51 | INFO | libraries.dom_understanding_engine | DOM extraction completed | title=WashTAB! | url=http://172.21.166.115/washtabui/home | elements=43
2026-06-01 17:59:51 | INFO | libraries.dom_understanding_engine | Classification complete | buttons=17 | inputs=0 | links=0 | forms=0 | others=26
2026-06-01 17:59:51 | INFO | libraries.page_analyzer | Saved page screenshot: artifacts\screenshots\washtab_20260601_122951.png
2026-06-01 17:59:52 | INFO | libraries.page_analyzer | Saved page DOM: artifacts\page_data\washtab_20260601_122951.dom.json
2026-06-01 17:59:52 | INFO | libraries.page_analyzer | Saved page analysis: artifacts\page_data\washtab_20260601_122951.analysis.json
2026-06-01 17:59:52 | INFO | libraries.page_analyzer | Page analysis completed | page=washtab | title=WashTAB! | url=http://172.21.166.115/washtabui/home
2026-06-01 17:59:52 | INFO | libraries.locator_ranker | Generating locator repository for page: washtab
2026-06-01 17:59:52 | INFO | libraries.locator_ranker | Saved locator repository: artifacts\locator_intelligence\washtab_20260601_122952.locators.json
2026-06-01 17:59:52 | INFO | libraries.locator_ranker | Locator repository generated with 17 records
2026-06-01 17:59:52 | INFO | libraries.self_healing_locator | Attempting self-healing lookup for element: ion-fab-button_1
2026-06-01 17:59:52 | INFO | libraries.self_healing_locator | Locator matched successfully | element=ion-fab-button_1 | strategy=xpath | by=xpath | value=/html[1]/body[1]/app-root[1]/ion-app[1]/ion-router-outlet[1]/app-home[1]/app-ics-main-template[1]/ion-header[1]/ion-toolbar[1]/ion-grid[1]/ion-row[1]/ion-col[2]/ion-fab[1]/ion-fab-list[1]/ion-fab-button[1]
2026-06-01 17:59:52 | INFO | libraries.intelligent_explorer | Starting intelligent exploration
2026-06-01 17:59:52 | INFO | libraries.workflow_agent | WorkflowAgent built 17 exploration candidates
2026-06-01 17:59:52 | INFO | libraries.navigation_predictor | Predicted next action candidate: home
2026-06-01 17:59:52 | INFO | libraries.self_healing_locator | Attempting self-healing lookup for element: home
2026-06-01 17:59:52 | INFO | libraries.self_healing_locator | Locator matched successfully | element=home | strategy=name | by=name | value=home
2026-06-01 17:59:55 | INFO | libraries.workflow_memory | Recorded workflow transition | action=click | target=home | source=WashTAB! | destination=WashTAB! | status=no_navigation_change
2026-06-01 17:59:55 | INFO | libraries.navigation_predictor | Predicted next action candidate: notifications-button
2026-06-01 17:59:55 | INFO | libraries.self_healing_locator | Attempting self-healing lookup for element: notifications-button
2026-06-01 17:59:55 | INFO | libraries.self_healing_locator | Locator matched successfully | element=notifications-button | strategy=id | by=id | value=notifications-button
2026-06-01 17:59:57 | INFO | libraries.workflow_memory | Recorded workflow transition | action=click | target=notifications-button | source=WashTAB! | destination=WashTAB! | status=no_navigation_change
2026-06-01 17:59:57 | INFO | libraries.navigation_predictor | Predicted next action candidate: notifications_outline
2026-06-01 17:59:57 | INFO | libraries.self_healing_locator | Attempting self-healing lookup for element: notifications_outline
2026-06-01 17:59:58 | INFO | libraries.self_healing_locator | Locator matched successfully | element=notifications_outline | strategy=name | by=name | value=notifications-outline
2026-06-01 18:00:03 | WARNING | libraries.intelligent_explorer | Exploration failed for element notifications_outline: Locator.click: Timeout 5000ms exceeded.
Call log:
  - waiting for locator("[name=\"notifications-outline\"]").first
    - locator resolved to <ion-icon role="img" class="md hydrated" _ngcontent-ndq-c121="" name="notifications-outline" aria-label="notifications outline"></ion-icon>
  - attempting click action
    2 × waiting for element to be visible, enabled and stable
      - element is visible, enabled and stable
      - scrolling into view if needed
      - done scrolling
      - <ion-fab-list side="start" _ngcontent-ndq-c121="" id="notifications-button" class="md fab-list-side-start hydrated fab-list-active">…</ion-fab-list> intercepts pointer events
    - retrying click action
    - waiting 20ms
    2 × waiting for element to be visible, enabled and stable
      - element is visible, enabled and stable
      - scrolling into view if needed
      - done scrolling
      - <ion-fab-list side="start" _ngcontent-ndq-c121="" id="notifications-button" class="md fab-list-side-start hydrated fab-list-active">…</ion-fab-list> intercepts pointer events
    - retrying click action
      - waiting 100ms
    9 × waiting for element to be visible, enabled and stable
      - element is visible, enabled and stable
      - scrolling into view if needed
      - done scrolling
      - <ion-fab-list side="start" _ngcontent-ndq-c121="" id="notifications-button" class="md fab-list-side-start hydrated fab-list-active">…</ion-fab-list> intercepts pointer events
    - retrying click action
      - waiting 500ms

2026-06-01 18:00:03 | INFO | libraries.workflow_memory | Recorded workflow transition | action=click | target=notifications_outline | source=WashTAB! | destination=WashTAB! | status=failed
2026-06-01 18:00:03 | INFO | libraries.navigation_predictor | Predicted next action candidate: arrow_back
2026-06-01 18:00:03 | INFO | libraries.self_healing_locator | Attempting self-healing lookup for element: arrow_back
2026-06-01 18:00:03 | INFO | libraries.self_healing_locator | Locator matched successfully | element=arrow_back | strategy=name | by=name | value=arrow-back
2026-06-01 18:00:09 | WARNING | libraries.intelligent_explorer | Exploration failed for element arrow_back: Locator.click: Timeout 5000ms exceeded.
Call log:
  - waiting for locator("[name=\"arrow-back\"]").first
    - locator resolved to <ion-icon role="img" name="arrow-back" class="md hydrated" _ngcontent-ndq-c121="" aria-label="arrow back"></ion-icon>
  - attempting click action
    2 × waiting for element to be visible, enabled and stable
      - element is visible, enabled and stable
      - scrolling into view if needed
      - done scrolling
      - <ion-fab-list side="start" _ngcontent-ndq-c121="" id="notifications-button" class="md fab-list-side-start hydrated fab-list-active">…</ion-fab-list> intercepts pointer events
    - retrying click action
    - waiting 20ms
    2 × waiting for element to be visible, enabled and stable
      - element is visible, enabled and stable
      - scrolling into view if needed
      - done scrolling
      - <ion-fab-list side="start" _ngcontent-ndq-c121="" id="notifications-button" class="md fab-list-side-start hydrated fab-list-active">…</ion-fab-list> intercepts pointer events
    - retrying click action
      - waiting 100ms
    9 × waiting for element to be visible, enabled and stable
      - element is visible, enabled and stable
      - scrolling into view if needed
      - done scrolling
      - <ion-fab-list side="start" _ngcontent-ndq-c121="" id="notifications-button" class="md fab-list-side-start hydrated fab-list-active">…</ion-fab-list> intercepts pointer events
    - retrying click action
      - waiting 500ms

2026-06-01 18:00:09 | INFO | libraries.workflow_memory | Recorded workflow transition | action=click | target=arrow_back | source=WashTAB! | destination=WashTAB! | status=failed
2026-06-01 18:00:09 | INFO | libraries.navigation_predictor | Predicted next action candidate: haklarr
2026-06-01 18:00:09 | INFO | libraries.self_healing_locator | Attempting self-healing lookup for element: haklarr
2026-06-01 18:00:09 | INFO | libraries.self_healing_locator | Locator matched successfully | element=haklarr | strategy=text | by=xpath | value=//*[normalize-space()="haklarr"]
2026-06-01 18:00:11 | INFO | libraries.workflow_memory | Recorded workflow transition | action=click | target=haklarr | source=WashTAB! | destination=WashTAB! | status=no_navigation_change
2026-06-01 18:00:11 | INFO | libraries.intelligent_explorer | Exploration complete | attempted=5 | successful=0 | failed=5 | skipped=0
2026-06-01 18:00:11 | INFO | libraries.workflow_memory | Saved workflow graph: artifacts\workflow_data\workflow_graph_20260601_123011.json
2026-06-01 18:00:11 | INFO | libraries.exploration_analytics | Saved exploration analytics: artifacts\analytics\exploration_summary_20260601_123011.json
2026-06-01 18:00:11 | INFO | __main__ | Phase 4.5 pipeline completed successfully
2026-06-01 18:00:11 | INFO | libraries.browser_manager | Closing browser resources
2026-06-01 18:04:09 | INFO | __main__ | Initializing autonomous pipeline
2026-06-01 18:04:09 | INFO | libraries.config_loader | Loaded config file: config\framework_config.yaml
2026-06-01 18:04:09 | INFO | libraries.config_loader | Loaded config file: config\browser_config.yaml
2026-06-01 18:04:09 | INFO | libraries.config_loader | Loaded config file: config\ai_config.yaml
2026-06-01 18:04:09 | INFO | libraries.config_loader | Loaded config file: config\locator_config.yaml
2026-06-01 18:04:09 | INFO | libraries.config_loader | Loaded config file: config\assertion_config.yaml
2026-06-01 18:04:09 | INFO | __main__ | Artifact directories ready: {'page_data': 'artifacts\\page_data', 'workflow_data': 'artifacts\\workflow_data', 'ai_testcases': 'artifacts\\ai_testcases', 'generated_robot_tests': 'artifacts\\generated_robot_tests', 'locator_intelligence': 'artifacts\\locator_intelligence', 'assertions': 'artifacts\\assertions', 'screenshots': 'artifacts\\screenshots', 'analytics': 'artifacts\\analytics', 'execution': 'artifacts\\execution', 'knowledge_graph': 'artifacts\\knowledge_graph'}
2026-06-01 18:04:09 | INFO | libraries.dom_understanding_engine | DOMUnderstandingEngine initialized
2026-06-01 18:04:09 | INFO | libraries.self_healing_locator | SelfHealingLocator initialized
2026-06-01 18:04:09 | INFO | libraries.workflow_agent | WorkflowAgent initialized
2026-06-01 18:04:09 | INFO | libraries.navigation_predictor | NavigationPredictor initialized
2026-06-01 18:04:09 | INFO | libraries.browser_manager | Starting browser: chromium | headless=False
2026-06-01 18:04:10 | INFO | libraries.browser_manager | Launching browser with screen size 1366x768
2026-06-01 18:04:13 | INFO | libraries.browser_manager | Navigating to URL: http://172.21.166.115/washtabui/home
2026-06-01 18:04:20 | INFO | libraries.browser_manager | Captured screenshot: artifacts\screenshots\initial_landing_page.png
2026-06-01 18:04:20 | INFO | libraries.authenticator | Starting login flow
2026-06-01 18:04:20 | INFO | libraries.authenticator | Executing pre-login click step
2026-06-01 18:04:32 | INFO | libraries.authenticator | Login successful | url=http://172.21.166.115/washtabui/home | title=WashTAB!
2026-06-01 18:04:33 | INFO | libraries.browser_manager | Captured screenshot: artifacts\screenshots\post_login_page.png
2026-06-01 18:04:33 | INFO | libraries.page_analyzer | Starting page analysis
2026-06-01 18:04:33 | INFO | libraries.dom_understanding_engine | Extracting DOM intelligence from current page
2026-06-01 18:04:33 | INFO | libraries.dom_understanding_engine | DOM extraction completed | title=WashTAB! | url=http://172.21.166.115/washtabui/home | elements=43
2026-06-01 18:04:33 | INFO | libraries.dom_understanding_engine | Classification complete | buttons=17 | inputs=0 | links=0 | forms=0 | others=26
2026-06-01 18:04:33 | INFO | libraries.page_analyzer | Saved page screenshot: artifacts\screenshots\washtab_20260601_123433.png
2026-06-01 18:04:33 | INFO | libraries.page_analyzer | Saved page DOM: artifacts\page_data\washtab_20260601_123433.dom.json
2026-06-01 18:04:33 | INFO | libraries.page_analyzer | Saved page analysis: artifacts\page_data\washtab_20260601_123433.analysis.json
2026-06-01 18:04:33 | INFO | libraries.page_analyzer | Page analysis completed | page=washtab | title=WashTAB! | url=http://172.21.166.115/washtabui/home
2026-06-01 18:04:33 | INFO | libraries.locator_ranker | Generating locator repository for page: washtab
2026-06-01 18:04:33 | INFO | libraries.locator_ranker | Saved locator repository: artifacts\locator_intelligence\washtab_20260601_123433.locators.json
2026-06-01 18:04:33 | INFO | libraries.locator_ranker | Locator repository generated with 17 records
2026-06-01 18:04:33 | INFO | libraries.self_healing_locator | Attempting self-healing lookup for element: ion-fab-button_1
2026-06-01 18:04:34 | INFO | libraries.self_healing_locator | Locator matched successfully | element=ion-fab-button_1 | strategy=xpath | by=xpath | value=/html[1]/body[1]/app-root[1]/ion-app[1]/ion-router-outlet[1]/app-home[1]/app-ics-main-template[1]/ion-header[1]/ion-toolbar[1]/ion-grid[1]/ion-row[1]/ion-col[2]/ion-fab[1]/ion-fab-list[1]/ion-fab-button[1]
2026-06-01 18:04:34 | INFO | libraries.intelligent_explorer | Starting intelligent exploration
2026-06-01 18:04:34 | INFO | libraries.workflow_agent | WorkflowAgent built 17 exploration candidates
2026-06-01 18:04:34 | INFO | libraries.navigation_predictor | Predicted next action candidate: notifications-button
2026-06-01 18:04:34 | INFO | libraries.self_healing_locator | Attempting self-healing lookup for element: notifications-button
2026-06-01 18:04:34 | INFO | libraries.self_healing_locator | Locator matched successfully | element=notifications-button | strategy=id | by=id | value=notifications-button
2026-06-01 18:04:37 | INFO | libraries.workflow_memory | Recorded workflow transition | action=click | target=notifications-button | source=WashTAB! | destination=WashTAB! | status=no_navigation_change
2026-06-01 18:04:37 | INFO | libraries.navigation_predictor | Predicted next action candidate: haklarr
2026-06-01 18:04:37 | INFO | libraries.self_healing_locator | Attempting self-healing lookup for element: haklarr
2026-06-01 18:04:37 | INFO | libraries.self_healing_locator | Locator matched successfully | element=haklarr | strategy=text | by=xpath | value=//*[normalize-space()="haklarr"]
2026-06-01 18:04:40 | INFO | libraries.workflow_memory | Recorded workflow transition | action=click | target=haklarr | source=WashTAB! | destination=WashTAB! | status=no_navigation_change
2026-06-01 18:04:40 | INFO | libraries.navigation_predictor | Predicted next action candidate: ion-fab-button_1
2026-06-01 18:04:40 | INFO | libraries.self_healing_locator | Attempting self-healing lookup for element: ion-fab-button_1
2026-06-01 18:04:40 | INFO | libraries.self_healing_locator | Locator matched successfully | element=ion-fab-button_1 | strategy=xpath | by=xpath | value=/html[1]/body[1]/app-root[1]/ion-app[1]/ion-router-outlet[1]/app-home[1]/app-ics-main-template[1]/ion-header[1]/ion-toolbar[1]/ion-grid[1]/ion-row[1]/ion-col[2]/ion-fab[1]/ion-fab-list[1]/ion-fab-button[1]
2026-06-01 18:04:43 | INFO | libraries.workflow_memory | Recorded workflow transition | action=click | target=ion-fab-button_1 | source=WashTAB! | destination=WashTAB! | status=no_navigation_change
2026-06-01 18:04:43 | INFO | libraries.navigation_predictor | Predicted next action candidate: ion-fab-button_5
2026-06-01 18:04:43 | INFO | libraries.self_healing_locator | Attempting self-healing lookup for element: ion-fab-button_5
2026-06-01 18:04:44 | INFO | libraries.self_healing_locator | Locator matched successfully | element=ion-fab-button_5 | strategy=xpath | by=xpath | value=/html[1]/body[1]/app-root[1]/ion-app[1]/ion-router-outlet[1]/app-home[1]/app-ics-main-template[1]/ion-header[1]/ion-toolbar[1]/ion-grid[1]/ion-row[1]/ion-col[2]/ion-fab[1]/ion-fab-list[1]/ion-fab-button[3]
2026-06-01 18:04:49 | WARNING | libraries.intelligent_explorer | Exploration failed for element ion-fab-button_5: Locator.click: Timeout 5000ms exceeded.
Call log:
  - waiting for locator("xpath=/html[1]/body[1]/app-root[1]/ion-app[1]/ion-router-outlet[1]/app-home[1]/app-ics-main-template[1]/ion-header[1]/ion-toolbar[1]/ion-grid[1]/ion-row[1]/ion-col[2]/ion-fab[1]/ion-fab-list[1]/ion-fab-button[3]").first
    - locator resolved to <ion-fab-button tappable="" color="light" aria-disabled="true" _ngcontent-ihe-c121="" class="ion-color ion-color-light md fab-button-in-list fab-button-disabled ion-activatable ion-focusable hydrated fab-button-show">…</ion-fab-button>
  - attempting click action
    2 × waiting for element to be visible, enabled and stable
      - element is visible, enabled and stable
      - scrolling into view if needed
      - done scrolling
      - <ion-fab-list side="start" _ngcontent-ihe-c121="" id="notifications-button" class="md fab-list-side-start hydrated fab-list-active">…</ion-fab-list> intercepts pointer events
    - retrying click action
    - waiting 20ms
    2 × waiting for element to be visible, enabled and stable
      - element is visible, enabled and stable
      - scrolling into view if needed
      - done scrolling
      - <ion-fab-list side="start" _ngcontent-ihe-c121="" id="notifications-button" class="md fab-list-side-start hydrated fab-list-active">…</ion-fab-list> intercepts pointer events
    - retrying click action
      - waiting 100ms
    9 × waiting for element to be visible, enabled and stable
      - element is visible, enabled and stable
      - scrolling into view if needed
      - done scrolling
      - <ion-fab-list side="start" _ngcontent-ihe-c121="" id="notifications-button" class="md fab-list-side-start hydrated fab-list-active">…</ion-fab-list> intercepts pointer events
    - retrying click action
      - waiting 500ms

2026-06-01 18:04:49 | INFO | libraries.workflow_memory | Recorded workflow transition | action=click | target=ion-fab-button_5 | source=WashTAB! | destination=WashTAB! | status=failed
2026-06-01 18:04:49 | INFO | libraries.navigation_predictor | Predicted next action candidate: div_9
2026-06-01 18:04:49 | INFO | libraries.self_healing_locator | Attempting self-healing lookup for element: div_9
2026-06-01 18:04:50 | INFO | libraries.self_healing_locator | Locator matched successfully | element=div_9 | strategy=xpath | by=xpath | value=/html[1]/body[1]/app-root[1]/ion-app[1]/ion-router-outlet[1]/app-home[1]/app-ics-main-template[1]/ion-content[1]/app-main-button[1]/div[1]/div[1]/div[1]
2026-06-01 18:04:52 | INFO | libraries.workflow_memory | Recorded workflow transition | action=click | target=div_9 | source=WashTAB! | destination=WashTAB! | status=passed
2026-06-01 18:04:55 | INFO | libraries.intelligent_explorer | Exploration complete | attempted=5 | successful=1 | failed=4 | skipped=0
2026-06-01 18:04:55 | INFO | libraries.workflow_memory | Saved workflow graph: artifacts\workflow_data\workflow_graph_20260601_123455.json
2026-06-01 18:04:55 | INFO | libraries.exploration_analytics | Saved exploration analytics: artifacts\analytics\exploration_summary_20260601_123455.json
2026-06-01 18:04:55 | INFO | __main__ | Phase 4.5 pipeline completed successfully
2026-06-01 18:04:55 | INFO | libraries.browser_manager | Closing browser resources
2026-06-01 18:16:24 | INFO | __main__ | Initializing autonomous pipeline
2026-06-01 18:16:24 | INFO | libraries.config_loader | Loaded config file: config\framework_config.yaml
2026-06-01 18:16:24 | INFO | libraries.config_loader | Loaded config file: config\browser_config.yaml
2026-06-01 18:16:24 | INFO | libraries.config_loader | Loaded config file: config\ai_config.yaml
2026-06-01 18:16:24 | INFO | libraries.config_loader | Loaded config file: config\locator_config.yaml
2026-06-01 18:16:24 | INFO | libraries.config_loader | Loaded config file: config\assertion_config.yaml
2026-06-01 18:16:24 | INFO | __main__ | Artifact directories ready: {'page_data': 'artifacts\\page_data', 'workflow_data': 'artifacts\\workflow_data', 'ai_testcases': 'artifacts\\ai_testcases', 'generated_robot_tests': 'artifacts\\generated_robot_tests', 'locator_intelligence': 'artifacts\\locator_intelligence', 'assertions': 'artifacts\\assertions', 'screenshots': 'artifacts\\screenshots', 'analytics': 'artifacts\\analytics', 'execution': 'artifacts\\execution', 'knowledge_graph': 'artifacts\\knowledge_graph'}
2026-06-01 18:16:24 | INFO | libraries.dom_understanding_engine | DOMUnderstandingEngine initialized
2026-06-01 18:16:24 | INFO | libraries.self_healing_locator | SelfHealingLocator initialized
2026-06-01 18:16:24 | INFO | libraries.workflow_agent | WorkflowAgent initialized
2026-06-01 18:16:24 | INFO | libraries.navigation_predictor | NavigationPredictor initialized
2026-06-01 18:16:24 | INFO | libraries.browser_manager | Starting browser: chromium | headless=False
2026-06-01 18:16:27 | INFO | libraries.browser_manager | Launching browser with screen size 1366x768
2026-06-01 18:16:32 | INFO | libraries.browser_manager | Navigating to URL: http://172.21.166.115/washtabui/home
2026-06-01 18:16:39 | INFO | libraries.browser_manager | Captured screenshot: artifacts\screenshots\initial_landing_page.png
2026-06-01 18:16:39 | INFO | libraries.authenticator | Starting login flow
2026-06-01 18:16:39 | INFO | libraries.authenticator | Executing pre-login click step
2026-06-01 18:16:51 | INFO | libraries.authenticator | Login successful | url=http://172.21.166.115/washtabui/home | title=WashTAB!
2026-06-01 18:16:52 | INFO | libraries.browser_manager | Captured screenshot: artifacts\screenshots\post_login_page.png
2026-06-01 18:16:52 | INFO | libraries.page_analyzer | Starting page analysis
2026-06-01 18:16:52 | INFO | libraries.dom_understanding_engine | Extracting DOM intelligence from current page
2026-06-01 18:16:52 | INFO | libraries.dom_understanding_engine | DOM extraction completed | title=WashTAB! | url=http://172.21.166.115/washtabui/home | elements=43
2026-06-01 18:16:52 | INFO | libraries.dom_understanding_engine | Classification complete | buttons=17 | inputs=0 | links=0 | forms=0 | others=26
2026-06-01 18:16:52 | INFO | libraries.page_analyzer | Saved page screenshot: artifacts\screenshots\washtab_20260601_124652.png
2026-06-01 18:16:52 | INFO | libraries.page_analyzer | Saved page DOM: artifacts\page_data\washtab_20260601_124652.dom.json
2026-06-01 18:16:52 | INFO | libraries.page_analyzer | Saved page analysis: artifacts\page_data\washtab_20260601_124652.analysis.json
2026-06-01 18:16:52 | INFO | libraries.page_analyzer | Page analysis completed | page=washtab | title=WashTAB! | url=http://172.21.166.115/washtabui/home
2026-06-01 18:16:52 | INFO | libraries.locator_ranker | Generating locator repository for page: washtab
2026-06-01 18:16:52 | INFO | libraries.locator_ranker | Saved locator repository: artifacts\locator_intelligence\washtab_20260601_124652.locators.json
2026-06-01 18:16:52 | INFO | libraries.locator_ranker | Locator repository generated with 17 records
2026-06-01 18:16:52 | INFO | libraries.self_healing_locator | Attempting self-healing lookup for element: ion-fab-button_1
2026-06-01 18:16:53 | INFO | libraries.self_healing_locator | Locator matched successfully | element=ion-fab-button_1 | strategy=xpath | by=xpath | value=/html[1]/body[1]/app-root[1]/ion-app[1]/ion-router-outlet[1]/app-home[1]/app-ics-main-template[1]/ion-header[1]/ion-toolbar[1]/ion-grid[1]/ion-row[1]/ion-col[2]/ion-fab[1]/ion-fab-list[1]/ion-fab-button[1]
2026-06-01 18:16:53 | INFO | libraries.intelligent_explorer | Starting intelligent exploration
2026-06-01 18:16:53 | INFO | libraries.workflow_agent | WorkflowAgent built 17 exploration candidates
2026-06-01 18:16:53 | INFO | libraries.navigation_predictor | Predicted next action candidate: notifications-button
2026-06-01 18:16:53 | INFO | libraries.self_healing_locator | Attempting self-healing lookup for element: notifications-button
2026-06-01 18:16:53 | INFO | libraries.self_healing_locator | Locator matched successfully | element=notifications-button | strategy=id | by=id | value=notifications-button
2026-06-01 18:16:56 | INFO | libraries.workflow_memory | Recorded workflow transition | action=click | target=notifications-button | source=WashTAB! | destination=WashTAB! | status=no_navigation_change
2026-06-01 18:16:56 | INFO | libraries.navigation_predictor | Predicted next action candidate: haklarr
2026-06-01 18:16:56 | INFO | libraries.self_healing_locator | Attempting self-healing lookup for element: haklarr
2026-06-01 18:16:56 | INFO | libraries.self_healing_locator | Locator matched successfully | element=haklarr | strategy=text | by=xpath | value=//*[normalize-space()="haklarr"]
2026-06-01 18:16:59 | INFO | libraries.workflow_memory | Recorded workflow transition | action=click | target=haklarr | source=WashTAB! | destination=WashTAB! | status=no_navigation_change
2026-06-01 18:16:59 | INFO | libraries.navigation_predictor | Predicted next action candidate: ion-fab-button_1
2026-06-01 18:16:59 | INFO | libraries.self_healing_locator | Attempting self-healing lookup for element: ion-fab-button_1
2026-06-01 18:16:59 | INFO | libraries.self_healing_locator | Locator matched successfully | element=ion-fab-button_1 | strategy=xpath | by=xpath | value=/html[1]/body[1]/app-root[1]/ion-app[1]/ion-router-outlet[1]/app-home[1]/app-ics-main-template[1]/ion-header[1]/ion-toolbar[1]/ion-grid[1]/ion-row[1]/ion-col[2]/ion-fab[1]/ion-fab-list[1]/ion-fab-button[1]
2026-06-01 18:17:01 | INFO | libraries.workflow_memory | Recorded workflow transition | action=click | target=ion-fab-button_1 | source=WashTAB! | destination=WashTAB! | status=no_navigation_change
2026-06-01 18:17:01 | INFO | libraries.navigation_predictor | Predicted next action candidate: ion-fab-button_5
2026-06-01 18:17:02 | INFO | libraries.self_healing_locator | Attempting self-healing lookup for element: ion-fab-button_5
2026-06-01 18:17:02 | INFO | libraries.self_healing_locator | Locator matched successfully | element=ion-fab-button_5 | strategy=xpath | by=xpath | value=/html[1]/body[1]/app-root[1]/ion-app[1]/ion-router-outlet[1]/app-home[1]/app-ics-main-template[1]/ion-header[1]/ion-toolbar[1]/ion-grid[1]/ion-row[1]/ion-col[2]/ion-fab[1]/ion-fab-list[1]/ion-fab-button[3]
2026-06-01 18:17:07 | WARNING | libraries.intelligent_explorer | Exploration failed for element ion-fab-button_5: Locator.click: Timeout 5000ms exceeded.
Call log:
  - waiting for locator("xpath=/html[1]/body[1]/app-root[1]/ion-app[1]/ion-router-outlet[1]/app-home[1]/app-ics-main-template[1]/ion-header[1]/ion-toolbar[1]/ion-grid[1]/ion-row[1]/ion-col[2]/ion-fab[1]/ion-fab-list[1]/ion-fab-button[3]").first
    - locator resolved to <ion-fab-button tappable="" color="light" aria-disabled="true" _ngcontent-ica-c121="" class="ion-color ion-color-light md fab-button-in-list fab-button-disabled ion-activatable ion-focusable hydrated fab-button-show">…</ion-fab-button>
  - attempting click action
    2 × waiting for element to be visible, enabled and stable
      - element is visible, enabled and stable
      - scrolling into view if needed
      - done scrolling
      - <ion-fab-list side="start" _ngcontent-ica-c121="" id="notifications-button" class="md fab-list-side-start hydrated fab-list-active">…</ion-fab-list> intercepts pointer events
    - retrying click action
    - waiting 20ms
    2 × waiting for element to be visible, enabled and stable
      - element is visible, enabled and stable
      - scrolling into view if needed
      - done scrolling
      - <ion-fab-list side="start" _ngcontent-ica-c121="" id="notifications-button" class="md fab-list-side-start hydrated fab-list-active">…</ion-fab-list> intercepts pointer events
    - retrying click action
      - waiting 100ms
    9 × waiting for element to be visible, enabled and stable
      - element is visible, enabled and stable
      - scrolling into view if needed
      - done scrolling
      - <ion-fab-list side="start" _ngcontent-ica-c121="" id="notifications-button" class="md fab-list-side-start hydrated fab-list-active">…</ion-fab-list> intercepts pointer events
    - retrying click action
      - waiting 500ms

2026-06-01 18:17:07 | INFO | libraries.workflow_memory | Recorded workflow transition | action=click | target=ion-fab-button_5 | source=WashTAB! | destination=WashTAB! | status=failed
2026-06-01 18:17:07 | INFO | libraries.navigation_predictor | Predicted next action candidate: div_9
2026-06-01 18:17:07 | INFO | libraries.self_healing_locator | Attempting self-healing lookup for element: div_9
2026-06-01 18:17:08 | INFO | libraries.self_healing_locator | Locator matched successfully | element=div_9 | strategy=xpath | by=xpath | value=/html[1]/body[1]/app-root[1]/ion-app[1]/ion-router-outlet[1]/app-home[1]/app-ics-main-template[1]/ion-content[1]/app-main-button[1]/div[1]/div[1]/div[1]
2026-06-01 18:17:10 | INFO | libraries.workflow_memory | Recorded workflow transition | action=click | target=div_9 | source=WashTAB! | destination=WashTAB! | status=passed
2026-06-01 18:17:13 | INFO | libraries.intelligent_explorer | Exploration complete | attempted=5 | successful=1 | failed=4 | skipped=0
2026-06-01 18:17:13 | INFO | libraries.workflow_memory | Saved workflow graph: artifacts\workflow_data\workflow_graph_20260601_124713.json
2026-06-01 18:17:13 | INFO | libraries.exploration_analytics | Saved exploration analytics: artifacts\analytics\exploration_summary_20260601_124713.json
2026-06-01 18:17:13 | INFO | libraries.ai_summary_service | Generating AI page summary
2026-06-01 18:17:13 | INFO | libraries.gains_ai_client | GAINS AI client running in mock mode
2026-06-01 18:17:13 | INFO | libraries.ai_summary_service | Saved AI summary artifact: artifacts\analytics\washtab_20260601_124713.page_summary.json
2026-06-01 18:17:13 | INFO | libraries.ai_summary_service | Generating AI workflow summary
2026-06-01 18:17:13 | INFO | libraries.gains_ai_client | GAINS AI client running in mock mode
2026-06-01 18:17:13 | INFO | libraries.ai_summary_service | Saved AI summary artifact: artifacts\analytics\workflow_summary_20260601_124713.json
2026-06-01 18:17:13 | INFO | __main__ | Phase 5 pipeline completed successfully
2026-06-01 18:17:13 | INFO | libraries.browser_manager | Closing browser resources
2026-06-12 14:34:49 | INFO | __main__ | Initializing autonomous pipeline
2026-06-12 14:34:49 | INFO | libraries.config_loader | Loaded config file: config\framework_config.yaml
2026-06-12 14:34:49 | INFO | libraries.config_loader | Loaded config file: config\browser_config.yaml
2026-06-12 14:34:49 | INFO | libraries.config_loader | Loaded config file: config\ai_config.yaml
2026-06-12 14:34:49 | INFO | libraries.config_loader | Loaded config file: config\locator_config.yaml
2026-06-12 14:34:49 | INFO | libraries.config_loader | Loaded config file: config\assertion_config.yaml
2026-06-12 14:34:49 | INFO | __main__ | Artifact directories ready: {'page_data': 'artifacts\\page_data', 'workflow_data': 'artifacts\\workflow_data', 'ai_testcases': 'artifacts\\ai_testcases', 'generated_robot_tests': 'artifacts\\generated_robot_tests', 'locator_intelligence': 'artifacts\\locator_intelligence', 'assertions': 'artifacts\\assertions', 'screenshots': 'artifacts\\screenshots', 'analytics': 'artifacts\\analytics', 'execution': 'artifacts\\execution', 'knowledge_graph': 'artifacts\\knowledge_graph', 'testcases': 'artifacts\\testcases', 'healing': 'artifacts\\healing'}
2026-06-12 14:34:49 | INFO | libraries.dom_understanding_engine | DOMUnderstandingEngine initialized
2026-06-12 14:34:49 | INFO | libraries.self_healing_locator | SelfHealingLocator initialized
2026-06-12 14:34:49 | INFO | libraries.semantic_enricher | SemanticEnricher initialized
2026-06-12 14:34:49 | INFO | libraries.knowledge_store | Creating new application knowledge store: artifacts\knowledge_graph\application_knowledge.json
2026-06-12 14:34:49 | ERROR | __main__ | Pipeline execution failed: 'ArtifactManager' object has no attribute 'base_path'
Traceback (most recent call last):
  File "D:\Washtab_New\ai-qa-framework\libraries\run_autonomous_pipeline.py", line 103, in run
    self.initialize()
  File "D:\Washtab_New\ai-qa-framework\libraries\run_autonomous_pipeline.py", line 76, in initialize
    self.manual_test_case_generator = ManualTestCaseGenerator(self.artifact_manager)
                                      ^^^^^^^^^^^^^^^^^^^^^^^^^^^^^^^^^^^^^^^^^^^^^^
  File "D:\Washtab_New\ai-qa-framework\libraries\manual_test_case_generator.py", line 14, in __init__
    self.output_dir = Path(self.artifact_manager.base_path) / "testcases"
                           ^^^^^^^^^^^^^^^^^^^^^^^^^^^^^^^
AttributeError: 'ArtifactManager' object has no attribute 'base_path'
2026-06-12 14:34:49 | INFO | libraries.knowledge_store | Saved application knowledge store: artifacts\knowledge_graph\application_knowledge.json
2026-06-12 14:34:49 | INFO | libraries.knowledge_store | Saved application knowledge snapshot: artifacts\knowledge_graph\application_knowledge_20260612_090449.json
2026-06-12 14:34:49 | INFO | libraries.browser_manager | Closing browser resources
2026-06-12 14:37:23 | INFO | __main__ | Initializing autonomous pipeline
2026-06-12 14:37:23 | INFO | libraries.config_loader | Loaded config file: config\framework_config.yaml
2026-06-12 14:37:23 | INFO | libraries.config_loader | Loaded config file: config\browser_config.yaml
2026-06-12 14:37:23 | INFO | libraries.config_loader | Loaded config file: config\ai_config.yaml
2026-06-12 14:37:23 | INFO | libraries.config_loader | Loaded config file: config\locator_config.yaml
2026-06-12 14:37:23 | INFO | libraries.config_loader | Loaded config file: config\assertion_config.yaml
2026-06-12 14:37:23 | INFO | __main__ | Artifact directories ready: {'page_data': 'artifacts\\page_data', 'workflow_data': 'artifacts\\workflow_data', 'ai_testcases': 'artifacts\\ai_testcases', 'generated_robot_tests': 'artifacts\\generated_robot_tests', 'locator_intelligence': 'artifacts\\locator_intelligence', 'assertions': 'artifacts\\assertions', 'screenshots': 'artifacts\\screenshots', 'analytics': 'artifacts\\analytics', 'execution': 'artifacts\\execution', 'knowledge_graph': 'artifacts\\knowledge_graph', 'testcases': 'artifacts\\testcases', 'healing': 'artifacts\\healing'}
2026-06-12 14:37:23 | INFO | libraries.dom_understanding_engine | DOMUnderstandingEngine initialized
2026-06-12 14:37:23 | INFO | libraries.self_healing_locator | SelfHealingLocator initialized
2026-06-12 14:37:23 | INFO | libraries.semantic_enricher | SemanticEnricher initialized
2026-06-12 14:37:23 | INFO | libraries.knowledge_store | Creating new application knowledge store: artifacts\knowledge_graph\application_knowledge.json
2026-06-12 14:37:23 | INFO | libraries.workflow_agent | WorkflowAgent initialized
2026-06-12 14:37:23 | INFO | libraries.navigation_predictor | NavigationPredictor initialized
2026-06-12 14:37:23 | INFO | libraries.browser_manager | Starting browser: chromium | headless=False
2026-06-12 14:37:25 | INFO | libraries.browser_manager | Launching browser with screen size 1366x768
2026-06-12 14:37:26 | INFO | libraries.browser_manager | Navigating to URL: http://172.21.166.115/washtabui/home
2026-06-12 14:37:32 | INFO | libraries.browser_manager | Captured screenshot: artifacts\screenshots\initial_landing_page.png
2026-06-12 14:37:32 | INFO | libraries.authenticator | Starting login flow
2026-06-12 14:37:32 | INFO | libraries.authenticator | Executing pre-login click step
2026-06-12 14:37:43 | INFO | libraries.authenticator | Login successful | url=http://172.21.166.115/washtabui/home | title=WashTAB!
2026-06-12 14:37:43 | INFO | libraries.browser_manager | Captured screenshot: artifacts\screenshots\post_login_page.png
2026-06-12 14:37:43 | INFO | libraries.page_analyzer | Starting page analysis
2026-06-12 14:37:43 | INFO | libraries.dom_understanding_engine | Extracting DOM intelligence from current page
2026-06-12 14:37:43 | INFO | libraries.dom_understanding_engine | DOM extraction completed | title=WashTAB! | url=http://172.21.166.115/washtabui/home | elements=48
2026-06-12 14:37:43 | INFO | libraries.dom_understanding_engine | Classification complete | buttons=17 | inputs=0 | links=0 | forms=0 | others=31
2026-06-12 14:37:44 | INFO | libraries.page_analyzer | Saved page screenshot: artifacts\screenshots\washtab_20260612_090743.png
2026-06-12 14:37:44 | INFO | libraries.page_analyzer | Saved page DOM: artifacts\page_data\washtab_20260612_090743.dom.json
2026-06-12 14:37:44 | INFO | libraries.page_analyzer | Saved page analysis: artifacts\page_data\washtab_20260612_090743.analysis.json
2026-06-12 14:37:44 | INFO | libraries.page_analyzer | Page analysis completed | page=washtab | title=WashTAB! | url=http://172.21.166.115/washtabui/home
2026-06-12 14:37:44 | INFO | libraries.semantic_enricher | Semantic enrichment complete | page=washtab | type=general | module=home | entity=home
2026-06-12 14:37:44 | INFO | libraries.locator_ranker | Generating locator repository for page: washtab
2026-06-12 14:37:44 | INFO | libraries.locator_ranker | Saved locator repository: artifacts\locator_intelligence\washtab_20260612_090744.locators.json
2026-06-12 14:37:44 | INFO | libraries.locator_ranker | Locator repository generated with 17 records
2026-06-12 14:37:44 | INFO | libraries.self_healing_locator | Attempting self-healing lookup for element: ion-fab-button_1
2026-06-12 14:37:44 | INFO | libraries.self_healing_locator | Locator matched successfully | element=ion-fab-button_1 | strategy=xpath | by=xpath | value=/html[1]/body[1]/app-root[1]/ion-app[1]/ion-router-outlet[1]/app-home[1]/app-ics-main-template[1]/ion-header[1]/ion-toolbar[1]/ion-grid[1]/ion-row[1]/ion-col[2]/ion-fab[1]/ion-fab-list[1]/ion-fab-button[1]
2026-06-12 14:37:44 | INFO | libraries.intelligent_explorer | Starting intelligent exploration
2026-06-12 14:37:44 | INFO | libraries.workflow_agent | WorkflowAgent built 17 exploration candidates
2026-06-12 14:37:44 | INFO | libraries.navigation_predictor | Predicted next action candidate: notifications-button
2026-06-12 14:37:44 | INFO | libraries.self_healing_locator | Attempting self-healing lookup for element: notifications-button
2026-06-12 14:37:44 | INFO | libraries.self_healing_locator | Locator matched successfully | element=notifications-button | strategy=id | by=id | value=notifications-button
2026-06-12 14:37:47 | INFO | libraries.workflow_memory | Recorded workflow transition | action=click | target=notifications-button | source=WashTAB! | destination=WashTAB! | status=no_navigation_change
2026-06-12 14:37:47 | INFO | libraries.navigation_predictor | Predicted next action candidate: haklarr
2026-06-12 14:37:47 | INFO | libraries.self_healing_locator | Attempting self-healing lookup for element: haklarr
2026-06-12 14:37:47 | INFO | libraries.self_healing_locator | Locator matched successfully | element=haklarr | strategy=text | by=xpath | value=//*[normalize-space()="haklarr"]
2026-06-12 14:37:50 | INFO | libraries.workflow_memory | Recorded workflow transition | action=click | target=haklarr | source=WashTAB! | destination=WashTAB! | status=no_navigation_change
2026-06-12 14:37:50 | INFO | libraries.navigation_predictor | Predicted next action candidate: coming_soon
2026-06-12 14:37:50 | INFO | libraries.self_healing_locator | Attempting self-healing lookup for element: coming_soon
2026-06-12 14:37:50 | INFO | libraries.self_healing_locator | Locator matched successfully | element=coming_soon | strategy=text | by=xpath | value=//*[normalize-space()="Coming Soon!"]
2026-06-12 14:37:52 | INFO | libraries.workflow_memory | Recorded workflow transition | action=click | target=coming_soon | source=WashTAB! | destination=WashTAB! | status=passed
2026-06-12 14:37:55 | INFO | libraries.navigation_predictor | Predicted next action candidate: ion-fab-button_1
2026-06-12 14:37:55 | INFO | libraries.self_healing_locator | Attempting self-healing lookup for element: ion-fab-button_1
2026-06-12 14:37:55 | INFO | libraries.self_healing_locator | Locator matched successfully | element=ion-fab-button_1 | strategy=xpath | by=xpath | value=/html[1]/body[1]/app-root[1]/ion-app[1]/ion-router-outlet[1]/app-home[1]/app-ics-main-template[1]/ion-header[1]/ion-toolbar[1]/ion-grid[1]/ion-row[1]/ion-col[2]/ion-fab[1]/ion-fab-list[1]/ion-fab-button[1]
2026-06-12 14:37:57 | INFO | libraries.workflow_memory | Recorded workflow transition | action=click | target=ion-fab-button_1 | source=WashTAB! | destination=WashTAB! | status=no_navigation_change
2026-06-12 14:37:57 | INFO | libraries.navigation_predictor | Predicted next action candidate: ion-fab-button_5
2026-06-12 14:37:57 | INFO | libraries.self_healing_locator | Attempting self-healing lookup for element: ion-fab-button_5
2026-06-12 14:37:58 | INFO | libraries.self_healing_locator | Locator matched successfully | element=ion-fab-button_5 | strategy=xpath | by=xpath | value=/html[1]/body[1]/app-root[1]/ion-app[1]/ion-router-outlet[1]/app-home[1]/app-ics-main-template[1]/ion-header[1]/ion-toolbar[1]/ion-grid[1]/ion-row[1]/ion-col[2]/ion-fab[1]/ion-fab-list[1]/ion-fab-button[3]
2026-06-12 14:38:00 | INFO | libraries.workflow_memory | Recorded workflow transition | action=click | target=ion-fab-button_5 | source=WashTAB! | destination=WashTAB! | status=no_navigation_change
2026-06-12 14:38:00 | INFO | libraries.intelligent_explorer | Exploration complete | attempted=5 | successful=1 | failed=4 | skipped=0
2026-06-12 14:38:00 | INFO | libraries.workflow_memory | Saved workflow graph: artifacts\workflow_data\workflow_graph_20260612_090800.json
2026-06-12 14:38:00 | INFO | libraries.exploration_analytics | Saved exploration analytics: artifacts\analytics\exploration_summary_20260612_090800.json
2026-06-12 14:38:00 | INFO | libraries.ai_summary_service | Generating AI page summary
2026-06-12 14:38:00 | INFO | libraries.gains_ai_client | GAINS AI client running in mock mode
2026-06-12 14:38:00 | INFO | libraries.ai_summary_service | Saved AI summary artifact: artifacts\analytics\washtab_20260612_090800.page_summary.json
2026-06-12 14:38:00 | INFO | libraries.ai_summary_service | Generating AI workflow summary
2026-06-12 14:38:00 | INFO | libraries.gains_ai_client | GAINS AI client running in mock mode
2026-06-12 14:38:00 | INFO | libraries.ai_summary_service | Saved AI summary artifact: artifacts\analytics\workflow_summary_20260612_090800.json
2026-06-12 14:38:00 | INFO | libraries.manual_test_case_generator | Generated 1 manual test cases
2026-06-12 14:38:00 | INFO | libraries.robot_test_generator | Generated 1 Robot Framework test cases
2026-06-12 14:38:00 | INFO | libraries.robot_executor | Executing generated Robot suite: C:\Users\10083745\AppData\Local\Programs\Python\Python311\Scripts\robot.EXE -d artifacts/execution/robot_runs/run_20260612_090800 artifacts/generated_robot_tests/generated_workflows.robot
2026-06-12 14:38:18 | INFO | libraries.healing_suggester | Generated 0 healing suggestions
2026-06-12 14:38:18 | INFO | libraries.knowledge_store | Saved application knowledge store: artifacts\knowledge_graph\application_knowledge.json
2026-06-12 14:38:18 | INFO | libraries.knowledge_store | Saved application knowledge snapshot: artifacts\knowledge_graph\application_knowledge_20260612_090818.json
2026-06-12 14:38:18 | INFO | __main__ | Phase 5 pipeline completed successfully
2026-06-12 14:38:18 | INFO | libraries.browser_manager | Closing browser resources
2026-06-12 14:51:00 | INFO | __main__ | Initializing autonomous pipeline
2026-06-12 14:51:00 | INFO | libraries.config_loader | Loaded config file: config\framework_config.yaml
2026-06-12 14:51:00 | INFO | libraries.config_loader | Loaded config file: config\browser_config.yaml
2026-06-12 14:51:00 | INFO | libraries.config_loader | Loaded config file: config\ai_config.yaml
2026-06-12 14:51:00 | INFO | libraries.config_loader | Loaded config file: config\locator_config.yaml
2026-06-12 14:51:00 | INFO | libraries.config_loader | Loaded config file: config\assertion_config.yaml
2026-06-12 14:51:00 | INFO | __main__ | Artifact directories ready: {'page_data': 'artifacts\\page_data', 'workflow_data': 'artifacts\\workflow_data', 'ai_testcases': 'artifacts\\ai_testcases', 'generated_robot_tests': 'artifacts\\generated_robot_tests', 'locator_intelligence': 'artifacts\\locator_intelligence', 'assertions': 'artifacts\\assertions', 'screenshots': 'artifacts\\screenshots', 'analytics': 'artifacts\\analytics', 'execution': 'artifacts\\execution', 'knowledge_graph': 'artifacts\\knowledge_graph', 'testcases': 'artifacts\\testcases', 'healing': 'artifacts\\healing'}
2026-06-12 14:51:00 | INFO | libraries.dom_understanding_engine | DOMUnderstandingEngine initialized
2026-06-12 14:51:00 | INFO | libraries.self_healing_locator | SelfHealingLocator initialized
2026-06-12 14:51:00 | INFO | libraries.semantic_enricher | SemanticEnricher initialized
2026-06-12 14:51:00 | INFO | libraries.knowledge_store | Creating new application knowledge store: artifacts\knowledge_graph\application_knowledge.json
2026-06-12 14:51:00 | INFO | libraries.workflow_agent | WorkflowAgent initialized
2026-06-12 14:51:00 | INFO | libraries.navigation_predictor | NavigationPredictor initialized
2026-06-12 14:51:00 | INFO | libraries.browser_manager | Starting browser: chromium | headless=False
2026-06-12 14:51:00 | INFO | libraries.browser_manager | Launching browser with screen size 1366x768
2026-06-12 14:51:02 | INFO | libraries.browser_manager | Navigating to URL: http://172.21.166.115/washtabui/home
2026-06-12 14:51:07 | INFO | libraries.browser_manager | Captured screenshot: artifacts\screenshots\initial_landing_page.png
2026-06-12 14:51:07 | INFO | libraries.authenticator | Starting login flow
2026-06-12 14:51:07 | INFO | libraries.authenticator | Executing pre-login click step
2026-06-12 14:51:19 | INFO | libraries.authenticator | Login successful | url=http://172.21.166.115/washtabui/home | title=WashTAB!
2026-06-12 14:51:19 | INFO | libraries.browser_manager | Captured screenshot: artifacts\screenshots\post_login_page.png
2026-06-12 14:51:19 | INFO | libraries.page_analyzer | Starting page analysis
2026-06-12 14:51:19 | INFO | libraries.dom_understanding_engine | Extracting DOM intelligence from current page
2026-06-12 14:51:19 | INFO | libraries.dom_understanding_engine | DOM extraction completed | title=WashTAB! | url=http://172.21.166.115/washtabui/home | elements=48
2026-06-12 14:51:19 | INFO | libraries.dom_understanding_engine | Classification complete | buttons=17 | inputs=0 | links=0 | forms=0 | others=31
2026-06-12 14:51:20 | INFO | libraries.page_analyzer | Saved page screenshot: artifacts\screenshots\washtab_20260612_092119.png
2026-06-12 14:51:20 | INFO | libraries.page_analyzer | Saved page DOM: artifacts\page_data\washtab_20260612_092119.dom.json
2026-06-12 14:51:20 | INFO | libraries.page_analyzer | Saved page analysis: artifacts\page_data\washtab_20260612_092119.analysis.json
2026-06-12 14:51:20 | INFO | libraries.page_analyzer | Page analysis completed | page=washtab | title=WashTAB! | url=http://172.21.166.115/washtabui/home
2026-06-12 14:51:20 | INFO | libraries.semantic_enricher | Semantic enrichment complete | page=washtab | type=general | module=home | entity=home
2026-06-12 14:51:20 | INFO | libraries.locator_ranker | Generating locator repository for page: washtab
2026-06-12 14:51:20 | INFO | libraries.locator_ranker | Saved locator repository: artifacts\locator_intelligence\washtab_20260612_092120.locators.json
2026-06-12 14:51:20 | INFO | libraries.locator_ranker | Locator repository generated with 17 records
2026-06-12 14:51:20 | INFO | libraries.self_healing_locator | Attempting self-healing lookup for element: ion-fab-button_1
2026-06-12 14:51:20 | INFO | libraries.self_healing_locator | Locator matched successfully | element=ion-fab-button_1 | strategy=xpath | by=xpath | value=/html[1]/body[1]/app-root[1]/ion-app[1]/ion-router-outlet[1]/app-home[1]/app-ics-main-template[1]/ion-header[1]/ion-toolbar[1]/ion-grid[1]/ion-row[1]/ion-col[2]/ion-fab[1]/ion-fab-list[1]/ion-fab-button[1]
2026-06-12 14:51:20 | INFO | libraries.intelligent_explorer | Starting intelligent exploration
2026-06-12 14:51:20 | INFO | libraries.workflow_agent | WorkflowAgent built 17 exploration candidates
2026-06-12 14:51:20 | INFO | libraries.navigation_predictor | Predicted next action candidate: notifications-button
2026-06-12 14:51:20 | INFO | libraries.self_healing_locator | Attempting self-healing lookup for element: notifications-button
2026-06-12 14:51:20 | INFO | libraries.self_healing_locator | Locator matched successfully | element=notifications-button | strategy=id | by=id | value=notifications-button
2026-06-12 14:51:23 | INFO | libraries.workflow_memory | Recorded workflow transition | action=click | target=notifications-button | source=WashTAB! | destination=WashTAB! | status=no_navigation_change
2026-06-12 14:51:23 | INFO | libraries.navigation_predictor | Predicted next action candidate: haklarr
2026-06-12 14:51:23 | INFO | libraries.self_healing_locator | Attempting self-healing lookup for element: haklarr
2026-06-12 14:51:23 | INFO | libraries.self_healing_locator | Locator matched successfully | element=haklarr | strategy=text | by=xpath | value=//*[normalize-space()="haklarr"]
2026-06-12 14:51:25 | INFO | libraries.workflow_memory | Recorded workflow transition | action=click | target=haklarr | source=WashTAB! | destination=WashTAB! | status=no_navigation_change
2026-06-12 14:51:25 | INFO | libraries.navigation_predictor | Predicted next action candidate: coming_soon
2026-06-12 14:51:25 | INFO | libraries.self_healing_locator | Attempting self-healing lookup for element: coming_soon
2026-06-12 14:51:26 | INFO | libraries.self_healing_locator | Locator matched successfully | element=coming_soon | strategy=text | by=xpath | value=//*[normalize-space()="Coming Soon!"]
2026-06-12 14:51:28 | INFO | libraries.workflow_memory | Recorded workflow transition | action=click | target=coming_soon | source=WashTAB! | destination=WashTAB! | status=passed
2026-06-12 14:51:30 | INFO | libraries.navigation_predictor | Predicted next action candidate: ion-fab-button_1
2026-06-12 14:51:30 | INFO | libraries.self_healing_locator | Attempting self-healing lookup for element: ion-fab-button_1
2026-06-12 14:51:31 | INFO | libraries.self_healing_locator | Locator matched successfully | element=ion-fab-button_1 | strategy=xpath | by=xpath | value=/html[1]/body[1]/app-root[1]/ion-app[1]/ion-router-outlet[1]/app-home[1]/app-ics-main-template[1]/ion-header[1]/ion-toolbar[1]/ion-grid[1]/ion-row[1]/ion-col[2]/ion-fab[1]/ion-fab-list[1]/ion-fab-button[1]
2026-06-12 14:51:33 | INFO | libraries.workflow_memory | Recorded workflow transition | action=click | target=ion-fab-button_1 | source=WashTAB! | destination=WashTAB! | status=no_navigation_change
2026-06-12 14:51:33 | INFO | libraries.navigation_predictor | Predicted next action candidate: ion-fab-button_5
2026-06-12 14:51:33 | INFO | libraries.self_healing_locator | Attempting self-healing lookup for element: ion-fab-button_5
2026-06-12 14:51:34 | INFO | libraries.self_healing_locator | Locator matched successfully | element=ion-fab-button_5 | strategy=xpath | by=xpath | value=/html[1]/body[1]/app-root[1]/ion-app[1]/ion-router-outlet[1]/app-home[1]/app-ics-main-template[1]/ion-header[1]/ion-toolbar[1]/ion-grid[1]/ion-row[1]/ion-col[2]/ion-fab[1]/ion-fab-list[1]/ion-fab-button[3]
2026-06-12 14:51:36 | INFO | libraries.workflow_memory | Recorded workflow transition | action=click | target=ion-fab-button_5 | source=WashTAB! | destination=WashTAB! | status=no_navigation_change
2026-06-12 14:51:36 | INFO | libraries.intelligent_explorer | Exploration complete | attempted=5 | successful=1 | failed=4 | skipped=0
2026-06-12 14:51:36 | INFO | libraries.workflow_memory | Saved workflow graph: artifacts\workflow_data\workflow_graph_20260612_092136.json
2026-06-12 14:51:36 | INFO | libraries.exploration_analytics | Saved exploration analytics: artifacts\analytics\exploration_summary_20260612_092136.json
2026-06-12 14:51:36 | INFO | libraries.ai_summary_service | Generating AI page summary
2026-06-12 14:51:36 | INFO | libraries.gains_ai_client | GAINS AI client running in mock mode
2026-06-12 14:51:36 | INFO | libraries.ai_summary_service | Saved AI summary artifact: artifacts\analytics\washtab_20260612_092136.page_summary.json
2026-06-12 14:51:36 | INFO | libraries.ai_summary_service | Generating AI workflow summary
2026-06-12 14:51:36 | INFO | libraries.gains_ai_client | GAINS AI client running in mock mode
2026-06-12 14:51:36 | INFO | libraries.ai_summary_service | Saved AI summary artifact: artifacts\analytics\workflow_summary_20260612_092136.json
2026-06-12 14:51:36 | INFO | libraries.manual_test_case_generator | Generated 1 manual test cases
2026-06-12 14:51:36 | INFO | libraries.healing_suggester | Generated 0 healing suggestions
2026-06-12 14:51:36 | INFO | libraries.knowledge_store | Saved application knowledge store: artifacts\knowledge_graph\application_knowledge.json
2026-06-12 14:51:36 | INFO | libraries.knowledge_store | Saved application knowledge snapshot: artifacts\knowledge_graph\application_knowledge_20260612_092136.json
2026-06-12 14:51:36 | INFO | __main__ | Autonomous pipeline completed successfully
2026-06-12 14:51:36 | INFO | libraries.browser_manager | Closing browser resources
2026-06-12 14:56:04 | INFO | __main__ | Initializing autonomous pipeline
2026-06-12 14:56:04 | INFO | libraries.config_loader | Loaded config file: config\framework_config.yaml
2026-06-12 14:56:04 | INFO | libraries.config_loader | Loaded config file: config\browser_config.yaml
2026-06-12 14:56:04 | INFO | libraries.config_loader | Loaded config file: config\ai_config.yaml
2026-06-12 14:56:04 | INFO | libraries.config_loader | Loaded config file: config\locator_config.yaml
2026-06-12 14:56:04 | INFO | libraries.config_loader | Loaded config file: config\assertion_config.yaml
2026-06-12 14:56:04 | INFO | __main__ | Artifact directories ready: {'page_data': 'artifacts\\page_data', 'workflow_data': 'artifacts\\workflow_data', 'ai_testcases': 'artifacts\\ai_testcases', 'generated_robot_tests': 'artifacts\\generated_robot_tests', 'locator_intelligence': 'artifacts\\locator_intelligence', 'assertions': 'artifacts\\assertions', 'screenshots': 'artifacts\\screenshots', 'analytics': 'artifacts\\analytics', 'execution': 'artifacts\\execution', 'knowledge_graph': 'artifacts\\knowledge_graph', 'testcases': 'artifacts\\testcases', 'healing': 'artifacts\\healing'}
2026-06-12 14:56:04 | INFO | libraries.dom_understanding_engine | DOMUnderstandingEngine initialized
2026-06-12 14:56:04 | INFO | libraries.self_healing_locator | SelfHealingLocator initialized
2026-06-12 14:56:04 | INFO | libraries.semantic_enricher | SemanticEnricher initialized
2026-06-12 14:56:04 | INFO | libraries.knowledge_store | Loaded existing application knowledge store: artifacts\knowledge_graph\application_knowledge.json
2026-06-12 14:56:04 | INFO | libraries.workflow_agent | WorkflowAgent initialized
2026-06-12 14:56:04 | INFO | libraries.navigation_predictor | NavigationPredictor initialized
2026-06-12 14:56:04 | INFO | libraries.browser_manager | Starting browser: chromium | headless=False
2026-06-12 14:56:05 | INFO | libraries.browser_manager | Launching browser with screen size 1366x768
2026-06-12 14:56:06 | INFO | libraries.browser_manager | Navigating to URL: http://172.21.166.115/washtabui/home
2026-06-12 14:56:11 | INFO | libraries.browser_manager | Captured screenshot: artifacts\screenshots\initial_landing_page.png
2026-06-12 14:56:11 | INFO | libraries.authenticator | Starting login flow
2026-06-12 14:56:11 | INFO | libraries.authenticator | Executing pre-login click step
2026-06-12 14:56:23 | INFO | libraries.authenticator | Login successful | url=http://172.21.166.115/washtabui/home | title=WashTAB!
2026-06-12 14:56:23 | INFO | libraries.browser_manager | Captured screenshot: artifacts\screenshots\post_login_page.png
2026-06-12 14:56:23 | INFO | libraries.page_analyzer | Starting page analysis
2026-06-12 14:56:23 | INFO | libraries.dom_understanding_engine | Extracting DOM intelligence from current page
2026-06-12 14:56:23 | INFO | libraries.dom_understanding_engine | DOM extraction completed | title=WashTAB! | url=http://172.21.166.115/washtabui/home | elements=48
2026-06-12 14:56:23 | INFO | libraries.dom_understanding_engine | Classification complete | buttons=17 | inputs=0 | links=0 | forms=0 | others=31
2026-06-12 14:56:23 | INFO | libraries.page_analyzer | Saved page screenshot: artifacts\screenshots\washtab_20260612_092623.png
2026-06-12 14:56:23 | INFO | libraries.page_analyzer | Saved page DOM: artifacts\page_data\washtab_20260612_092623.dom.json
2026-06-12 14:56:23 | INFO | libraries.page_analyzer | Saved page analysis: artifacts\page_data\washtab_20260612_092623.analysis.json
2026-06-12 14:56:23 | INFO | libraries.page_analyzer | Page analysis completed | page=washtab | title=WashTAB! | url=http://172.21.166.115/washtabui/home
2026-06-12 14:56:23 | INFO | libraries.semantic_enricher | Semantic enrichment complete | page=washtab | type=general | module=home | entity=home
2026-06-12 14:56:23 | INFO | libraries.locator_ranker | Generating locator repository for page: washtab
2026-06-12 14:56:23 | INFO | libraries.locator_ranker | Saved locator repository: artifacts\locator_intelligence\washtab_20260612_092623.locators.json
2026-06-12 14:56:23 | INFO | libraries.locator_ranker | Locator repository generated with 17 records
2026-06-12 14:56:23 | INFO | libraries.self_healing_locator | Attempting self-healing lookup for element: ion-fab-button_1
2026-06-12 14:56:24 | INFO | libraries.self_healing_locator | Locator matched successfully | element=ion-fab-button_1 | strategy=xpath | by=xpath | value=/html[1]/body[1]/app-root[1]/ion-app[1]/ion-router-outlet[1]/app-home[1]/app-ics-main-template[1]/ion-header[1]/ion-toolbar[1]/ion-grid[1]/ion-row[1]/ion-col[2]/ion-fab[1]/ion-fab-list[1]/ion-fab-button[1]
2026-06-12 14:56:24 | INFO | libraries.intelligent_explorer | Starting intelligent exploration
2026-06-12 14:56:24 | INFO | libraries.workflow_agent | WorkflowAgent built 17 exploration candidates
2026-06-12 14:56:24 | INFO | libraries.navigation_predictor | Predicted next action candidate: notifications-button
2026-06-12 14:56:24 | INFO | libraries.self_healing_locator | Attempting self-healing lookup for element: notifications-button
2026-06-12 14:56:24 | INFO | libraries.self_healing_locator | Locator matched successfully | element=notifications-button | strategy=id | by=id | value=notifications-button
2026-06-12 14:56:26 | INFO | libraries.workflow_memory | Recorded workflow transition | action=click | target=notifications-button | source=WashTAB! | destination=WashTAB! | status=no_navigation_change
2026-06-12 14:56:26 | INFO | libraries.navigation_predictor | Predicted next action candidate: haklarr
2026-06-12 14:56:26 | INFO | libraries.self_healing_locator | Attempting self-healing lookup for element: haklarr
2026-06-12 14:56:27 | INFO | libraries.self_healing_locator | Locator matched successfully | element=haklarr | strategy=text | by=xpath | value=//*[normalize-space()="haklarr"]
2026-06-12 14:56:29 | INFO | libraries.workflow_memory | Recorded workflow transition | action=click | target=haklarr | source=WashTAB! | destination=WashTAB! | status=no_navigation_change
2026-06-12 14:56:29 | INFO | libraries.navigation_predictor | Predicted next action candidate: coming_soon
2026-06-12 14:56:29 | INFO | libraries.self_healing_locator | Attempting self-healing lookup for element: coming_soon
2026-06-12 14:56:30 | INFO | libraries.self_healing_locator | Locator matched successfully | element=coming_soon | strategy=text | by=xpath | value=//*[normalize-space()="Coming Soon!"]
2026-06-12 14:56:32 | INFO | libraries.workflow_memory | Recorded workflow transition | action=click | target=coming_soon | source=WashTAB! | destination=WashTAB! | status=passed
2026-06-12 14:56:34 | INFO | libraries.navigation_predictor | Predicted next action candidate: ion-fab-button_1
2026-06-12 14:56:34 | INFO | libraries.self_healing_locator | Attempting self-healing lookup for element: ion-fab-button_1
2026-06-12 14:56:35 | INFO | libraries.self_healing_locator | Locator matched successfully | element=ion-fab-button_1 | strategy=xpath | by=xpath | value=/html[1]/body[1]/app-root[1]/ion-app[1]/ion-router-outlet[1]/app-home[1]/app-ics-main-template[1]/ion-header[1]/ion-toolbar[1]/ion-grid[1]/ion-row[1]/ion-col[2]/ion-fab[1]/ion-fab-list[1]/ion-fab-button[1]
2026-06-12 14:56:37 | INFO | libraries.workflow_memory | Recorded workflow transition | action=click | target=ion-fab-button_1 | source=WashTAB! | destination=WashTAB! | status=no_navigation_change
2026-06-12 14:56:37 | INFO | libraries.navigation_predictor | Predicted next action candidate: ion-fab-button_5
2026-06-12 14:56:37 | INFO | libraries.self_healing_locator | Attempting self-healing lookup for element: ion-fab-button_5
2026-06-12 14:56:37 | INFO | libraries.self_healing_locator | Locator matched successfully | element=ion-fab-button_5 | strategy=xpath | by=xpath | value=/html[1]/body[1]/app-root[1]/ion-app[1]/ion-router-outlet[1]/app-home[1]/app-ics-main-template[1]/ion-header[1]/ion-toolbar[1]/ion-grid[1]/ion-row[1]/ion-col[2]/ion-fab[1]/ion-fab-list[1]/ion-fab-button[3]
2026-06-12 14:56:40 | INFO | libraries.workflow_memory | Recorded workflow transition | action=click | target=ion-fab-button_5 | source=WashTAB! | destination=WashTAB! | status=no_navigation_change
2026-06-12 14:56:40 | INFO | libraries.intelligent_explorer | Exploration complete | attempted=5 | successful=1 | failed=4 | skipped=0
2026-06-12 14:56:40 | INFO | libraries.workflow_memory | Saved workflow graph: artifacts\workflow_data\workflow_graph_20260612_092640.json
2026-06-12 14:56:40 | INFO | libraries.exploration_analytics | Saved exploration analytics: artifacts\analytics\exploration_summary_20260612_092640.json
2026-06-12 14:56:40 | INFO | libraries.ai_summary_service | Generating AI page summary
2026-06-12 14:56:40 | INFO | libraries.gains_ai_client | GAINS AI client running in mock mode
2026-06-12 14:56:40 | INFO | libraries.ai_summary_service | Saved AI summary artifact: artifacts\analytics\washtab_20260612_092640.page_summary.json
2026-06-12 14:56:40 | INFO | libraries.ai_summary_service | Generating AI workflow summary
2026-06-12 14:56:40 | INFO | libraries.gains_ai_client | GAINS AI client running in mock mode
2026-06-12 14:56:40 | INFO | libraries.ai_summary_service | Saved AI summary artifact: artifacts\analytics\workflow_summary_20260612_092640.json
2026-06-12 14:56:40 | INFO | libraries.manual_test_case_generator | Generated 1 manual test cases
2026-06-12 14:56:40 | INFO | libraries.healing_suggester | Generated 0 healing suggestions
2026-06-12 14:56:40 | INFO | libraries.knowledge_store | Saved application knowledge store: artifacts\knowledge_graph\application_knowledge.json
2026-06-12 14:56:40 | INFO | libraries.knowledge_store | Saved application knowledge snapshot: artifacts\knowledge_graph\application_knowledge_20260612_092640.json
2026-06-12 14:56:40 | INFO | __main__ | Autonomous pipeline completed successfully
2026-06-12 14:56:40 | INFO | libraries.browser_manager | Closing browser resources
2026-06-12 15:06:15 | INFO | __main__ | Initializing autonomous pipeline
2026-06-12 15:06:15 | INFO | libraries.config_loader | Loaded config file: config\framework_config.yaml
2026-06-12 15:06:15 | INFO | libraries.config_loader | Loaded config file: config\browser_config.yaml
2026-06-12 15:06:15 | INFO | libraries.config_loader | Loaded config file: config\ai_config.yaml
2026-06-12 15:06:15 | INFO | libraries.config_loader | Loaded config file: config\locator_config.yaml
2026-06-12 15:06:15 | INFO | libraries.config_loader | Loaded config file: config\assertion_config.yaml
2026-06-12 15:06:15 | INFO | __main__ | Artifact directories ready: {'page_data': 'artifacts\\page_data', 'workflow_data': 'artifacts\\workflow_data', 'ai_testcases': 'artifacts\\ai_testcases', 'generated_robot_tests': 'artifacts\\generated_robot_tests', 'locator_intelligence': 'artifacts\\locator_intelligence', 'assertions': 'artifacts\\assertions', 'screenshots': 'artifacts\\screenshots', 'analytics': 'artifacts\\analytics', 'execution': 'artifacts\\execution', 'knowledge_graph': 'artifacts\\knowledge_graph', 'testcases': 'artifacts\\testcases', 'healing': 'artifacts\\healing'}
2026-06-12 15:06:15 | INFO | libraries.dom_understanding_engine | DOMUnderstandingEngine initialized
2026-06-12 15:06:15 | INFO | libraries.self_healing_locator | SelfHealingLocator initialized
2026-06-12 15:06:15 | INFO | libraries.semantic_enricher | SemanticEnricher initialized
2026-06-12 15:06:15 | INFO | libraries.knowledge_store | Creating new application knowledge store: artifacts\knowledge_graph\application_knowledge.json
2026-06-12 15:06:15 | INFO | libraries.workflow_agent | WorkflowAgent initialized
2026-06-12 15:06:15 | INFO | libraries.navigation_predictor | NavigationPredictor initialized
2026-06-12 15:06:15 | INFO | libraries.browser_manager | Starting browser: chromium | headless=False
2026-06-12 15:06:16 | INFO | libraries.browser_manager | Launching browser with screen size 1366x768
2026-06-12 15:06:17 | INFO | libraries.browser_manager | Navigating to URL: http://172.21.166.115/washtabui/home
2026-06-12 15:06:24 | INFO | libraries.browser_manager | Captured screenshot: artifacts\screenshots\initial_landing_page.png
2026-06-12 15:06:24 | INFO | libraries.authenticator | Starting login flow
2026-06-12 15:06:24 | INFO | libraries.authenticator | Executing pre-login click step
2026-06-12 15:06:36 | INFO | libraries.authenticator | Login successful | url=http://172.21.166.115/washtabui/home | title=WashTAB!
2026-06-12 15:06:36 | INFO | libraries.browser_manager | Captured screenshot: artifacts\screenshots\post_login_page.png
2026-06-12 15:06:36 | INFO | libraries.page_analyzer | Starting page analysis
2026-06-12 15:06:36 | INFO | libraries.dom_understanding_engine | Extracting DOM intelligence from current page
2026-06-12 15:06:36 | INFO | libraries.dom_understanding_engine | DOM extraction completed | title=WashTAB! | url=http://172.21.166.115/washtabui/home | elements=48
2026-06-12 15:06:36 | INFO | libraries.dom_understanding_engine | Classification complete | buttons=17 | inputs=0 | links=0 | forms=0 | others=31
2026-06-12 15:06:36 | INFO | libraries.page_analyzer | Saved page screenshot: artifacts\screenshots\washtab_20260612_093636.png
2026-06-12 15:06:36 | INFO | libraries.page_analyzer | Saved page DOM: artifacts\page_data\washtab_20260612_093636.dom.json
2026-06-12 15:06:36 | INFO | libraries.page_analyzer | Saved page analysis: artifacts\page_data\washtab_20260612_093636.analysis.json
2026-06-12 15:06:36 | INFO | libraries.page_analyzer | Page analysis completed | page=washtab | title=WashTAB! | url=http://172.21.166.115/washtabui/home
2026-06-12 15:06:36 | INFO | libraries.semantic_enricher | Semantic enrichment complete | page=washtab | type=general | module=home | entity=home
2026-06-12 15:06:36 | INFO | libraries.locator_ranker | Generating locator repository for page: washtab
2026-06-12 15:06:36 | INFO | libraries.locator_ranker | Saved locator repository: artifacts\locator_intelligence\washtab_20260612_093636.locators.json
2026-06-12 15:06:36 | INFO | libraries.locator_ranker | Locator repository generated with 17 records
2026-06-12 15:06:36 | INFO | libraries.self_healing_locator | Attempting self-healing lookup for element: ion-fab-button_1
2026-06-12 15:06:37 | INFO | libraries.self_healing_locator | Locator matched successfully | element=ion-fab-button_1 | strategy=xpath | by=xpath | value=/html[1]/body[1]/app-root[1]/ion-app[1]/ion-router-outlet[1]/app-home[1]/app-ics-main-template[1]/ion-header[1]/ion-toolbar[1]/ion-grid[1]/ion-row[1]/ion-col[2]/ion-fab[1]/ion-fab-list[1]/ion-fab-button[1]
2026-06-12 15:06:37 | INFO | libraries.intelligent_explorer | Starting intelligent exploration
2026-06-12 15:06:37 | INFO | libraries.workflow_agent | WorkflowAgent built 17 exploration candidates
2026-06-12 15:06:37 | INFO | libraries.navigation_predictor | Predicted next action candidate: notifications-button
2026-06-12 15:06:37 | INFO | libraries.self_healing_locator | Attempting self-healing lookup for element: notifications-button
2026-06-12 15:06:37 | INFO | libraries.self_healing_locator | Locator matched successfully | element=notifications-button | strategy=id | by=id | value=notifications-button
2026-06-12 15:06:39 | INFO | libraries.workflow_memory | Recorded workflow transition | action=click | target=notifications-button | source=WashTAB! | destination=WashTAB! | status=no_navigation_change
2026-06-12 15:06:39 | INFO | libraries.navigation_predictor | Predicted next action candidate: haklarr
2026-06-12 15:06:39 | INFO | libraries.self_healing_locator | Attempting self-healing lookup for element: haklarr
2026-06-12 15:06:40 | INFO | libraries.self_healing_locator | Locator matched successfully | element=haklarr | strategy=text | by=xpath | value=//*[normalize-space()="haklarr"]
2026-06-12 15:06:42 | INFO | libraries.workflow_memory | Recorded workflow transition | action=click | target=haklarr | source=WashTAB! | destination=WashTAB! | status=no_navigation_change
2026-06-12 15:06:42 | INFO | libraries.navigation_predictor | Predicted next action candidate: coming_soon
2026-06-12 15:06:42 | INFO | libraries.self_healing_locator | Attempting self-healing lookup for element: coming_soon
2026-06-12 15:06:43 | INFO | libraries.self_healing_locator | Locator matched successfully | element=coming_soon | strategy=text | by=xpath | value=//*[normalize-space()="Coming Soon!"]
2026-06-12 15:06:45 | INFO | libraries.workflow_memory | Recorded workflow transition | action=click | target=coming_soon | source=WashTAB! | destination=WashTAB! | status=passed
2026-06-12 15:06:47 | INFO | libraries.navigation_predictor | Predicted next action candidate: ion-fab-button_1
2026-06-12 15:06:47 | INFO | libraries.self_healing_locator | Attempting self-healing lookup for element: ion-fab-button_1
2026-06-12 15:06:48 | INFO | libraries.self_healing_locator | Locator matched successfully | element=ion-fab-button_1 | strategy=xpath | by=xpath | value=/html[1]/body[1]/app-root[1]/ion-app[1]/ion-router-outlet[1]/app-home[1]/app-ics-main-template[1]/ion-header[1]/ion-toolbar[1]/ion-grid[1]/ion-row[1]/ion-col[2]/ion-fab[1]/ion-fab-list[1]/ion-fab-button[1]
2026-06-12 15:06:50 | INFO | libraries.workflow_memory | Recorded workflow transition | action=click | target=ion-fab-button_1 | source=WashTAB! | destination=WashTAB! | status=no_navigation_change
2026-06-12 15:06:50 | INFO | libraries.navigation_predictor | Predicted next action candidate: ion-fab-button_5
2026-06-12 15:06:50 | INFO | libraries.self_healing_locator | Attempting self-healing lookup for element: ion-fab-button_5
2026-06-12 15:06:51 | INFO | libraries.self_healing_locator | Locator matched successfully | element=ion-fab-button_5 | strategy=xpath | by=xpath | value=/html[1]/body[1]/app-root[1]/ion-app[1]/ion-router-outlet[1]/app-home[1]/app-ics-main-template[1]/ion-header[1]/ion-toolbar[1]/ion-grid[1]/ion-row[1]/ion-col[2]/ion-fab[1]/ion-fab-list[1]/ion-fab-button[3]
2026-06-12 15:06:53 | INFO | libraries.workflow_memory | Recorded workflow transition | action=click | target=ion-fab-button_5 | source=WashTAB! | destination=WashTAB! | status=no_navigation_change
2026-06-12 15:06:53 | INFO | libraries.intelligent_explorer | Exploration complete | attempted=5 | successful=1 | failed=4 | skipped=0
2026-06-12 15:06:53 | INFO | libraries.workflow_memory | Saved workflow graph: artifacts\workflow_data\workflow_graph_20260612_093653.json
2026-06-12 15:06:53 | INFO | libraries.exploration_analytics | Saved exploration analytics: artifacts\analytics\exploration_summary_20260612_093653.json
2026-06-12 15:06:53 | INFO | libraries.ai_summary_service | Generating AI page summary
2026-06-12 15:06:53 | INFO | libraries.gains_ai_client | GAINS AI client running in mock mode
2026-06-12 15:06:53 | INFO | libraries.ai_summary_service | Saved AI summary artifact: artifacts\analytics\washtab_20260612_093653.page_summary.json
2026-06-12 15:06:53 | INFO | libraries.ai_summary_service | Generating AI workflow summary
2026-06-12 15:06:53 | INFO | libraries.gains_ai_client | GAINS AI client running in mock mode
2026-06-12 15:06:53 | INFO | libraries.ai_summary_service | Saved AI summary artifact: artifacts\analytics\workflow_summary_20260612_093653.json
2026-06-12 15:06:53 | INFO | libraries.manual_test_case_generator | Generated 1 manual test cases
2026-06-12 15:06:53 | INFO | libraries.healing_suggester | Generated 0 healing suggestions
2026-06-12 15:06:53 | INFO | libraries.knowledge_store | Saved application knowledge store: artifacts\knowledge_graph\application_knowledge.json
2026-06-12 15:06:53 | INFO | libraries.knowledge_store | Saved application knowledge snapshot: artifacts\knowledge_graph\application_knowledge_20260612_093653.json
2026-06-12 15:06:53 | INFO | __main__ | Autonomous pipeline completed successfully
2026-06-12 15:06:53 | INFO | libraries.browser_manager | Closing browser resources
2026-06-12 17:34:34 | INFO | __main__ | Initializing autonomous pipeline
2026-06-12 17:34:34 | INFO | libraries.config_loader | Loaded config file: config\framework_config.yaml
2026-06-12 17:34:34 | INFO | libraries.config_loader | Loaded config file: config\browser_config.yaml
2026-06-12 17:34:34 | INFO | libraries.config_loader | Loaded config file: config\ai_config.yaml
2026-06-12 17:34:34 | INFO | libraries.config_loader | Loaded config file: config\locator_config.yaml
2026-06-12 17:34:34 | INFO | libraries.config_loader | Loaded config file: config\assertion_config.yaml
2026-06-12 17:34:34 | INFO | __main__ | Artifact directories ready: {'page_data': 'artifacts\\page_data', 'workflow_data': 'artifacts\\workflow_data', 'ai_testcases': 'artifacts\\ai_testcases', 'generated_robot_tests': 'artifacts\\generated_robot_tests', 'locator_intelligence': 'artifacts\\locator_intelligence', 'assertions': 'artifacts\\assertions', 'screenshots': 'artifacts\\screenshots', 'analytics': 'artifacts\\analytics', 'execution': 'artifacts\\execution', 'knowledge_graph': 'artifacts\\knowledge_graph', 'testcases': 'artifacts\\testcases', 'healing': 'artifacts\\healing'}
2026-06-12 17:34:34 | INFO | libraries.dom_understanding_engine | DOMUnderstandingEngine initialized
2026-06-12 17:34:34 | INFO | libraries.self_healing_locator | SelfHealingLocator initialized
2026-06-12 17:34:34 | INFO | libraries.semantic_enricher | SemanticEnricher initialized
2026-06-12 17:34:34 | INFO | libraries.knowledge_store | Creating new application knowledge store: artifacts\knowledge_graph\application_knowledge.json
2026-06-12 17:34:34 | INFO | libraries.workflow_agent | WorkflowAgent initialized
2026-06-12 17:34:34 | INFO | libraries.navigation_predictor | NavigationPredictor initialized
2026-06-12 17:34:34 | INFO | libraries.browser_manager | Starting browser: chromium | headless=False
2026-06-12 17:34:35 | INFO | libraries.browser_manager | Launching browser with screen size 1366x768
2026-06-12 17:34:37 | INFO | libraries.browser_manager | Navigating to URL: http://172.21.166.115/washtabui/home
2026-06-12 17:34:42 | INFO | libraries.browser_manager | Captured screenshot: artifacts\screenshots\initial_landing_page.png
2026-06-12 17:34:42 | INFO | libraries.authenticator | Starting login flow
2026-06-12 17:34:42 | INFO | libraries.authenticator | Executing pre-login click step
2026-06-12 17:34:54 | INFO | libraries.authenticator | Login successful | url=http://172.21.166.115/washtabui/home | title=WashTAB!
2026-06-12 17:34:54 | INFO | libraries.browser_manager | Captured screenshot: artifacts\screenshots\post_login_page.png
2026-06-12 17:34:54 | INFO | libraries.page_analyzer | Starting page analysis
2026-06-12 17:34:54 | INFO | libraries.dom_understanding_engine | Extracting DOM intelligence from current page
2026-06-12 17:34:54 | INFO | libraries.dom_understanding_engine | DOM extraction completed | title=WashTAB! | url=http://172.21.166.115/washtabui/home | elements=48
2026-06-12 17:34:54 | INFO | libraries.dom_understanding_engine | Classification complete | buttons=17 | inputs=0 | links=0 | forms=0 | others=31
2026-06-12 17:34:54 | INFO | libraries.page_analyzer | Saved page screenshot: artifacts\screenshots\washtab_20260612_120454.png
2026-06-12 17:34:54 | INFO | libraries.page_analyzer | Saved page DOM: artifacts\page_data\washtab_20260612_120454.dom.json
2026-06-12 17:34:54 | INFO | libraries.page_analyzer | Saved page analysis: artifacts\page_data\washtab_20260612_120454.analysis.json
2026-06-12 17:34:54 | INFO | libraries.page_analyzer | Page analysis completed | page=washtab | title=WashTAB! | url=http://172.21.166.115/washtabui/home
2026-06-12 17:34:54 | INFO | libraries.semantic_enricher | Semantic enrichment complete | page=washtab | type=general | module=home | entity=home
2026-06-12 17:34:54 | INFO | libraries.locator_ranker | Generating locator repository for page: washtab
2026-06-12 17:34:54 | INFO | libraries.locator_ranker | Saved locator repository: artifacts\locator_intelligence\washtab_20260612_120454.locators.json
2026-06-12 17:34:54 | INFO | libraries.locator_ranker | Locator repository generated with 17 records
2026-06-12 17:34:54 | INFO | libraries.self_healing_locator | Attempting self-healing lookup for element: ion-fab-button_1
2026-06-12 17:34:55 | INFO | libraries.self_healing_locator | Locator matched successfully | element=ion-fab-button_1 | strategy=xpath | by=xpath | value=/html[1]/body[1]/app-root[1]/ion-app[1]/ion-router-outlet[1]/app-home[1]/app-ics-main-template[1]/ion-header[1]/ion-toolbar[1]/ion-grid[1]/ion-row[1]/ion-col[2]/ion-fab[1]/ion-fab-list[1]/ion-fab-button[1]
2026-06-12 17:34:55 | INFO | libraries.intelligent_explorer | Starting intelligent exploration
2026-06-12 17:34:55 | INFO | libraries.workflow_agent | WorkflowAgent built 17 exploration candidates
2026-06-12 17:34:55 | INFO | libraries.navigation_predictor | Predicted next action candidate: notifications-button
2026-06-12 17:34:55 | INFO | libraries.self_healing_locator | Attempting self-healing lookup for element: notifications-button
2026-06-12 17:34:55 | INFO | libraries.self_healing_locator | Locator matched successfully | element=notifications-button | strategy=id | by=id | value=notifications-button
2026-06-12 17:34:58 | INFO | libraries.workflow_memory | Recorded workflow transition | action=click | target=notifications-button | source=WashTAB! | destination=WashTAB! | status=no_navigation_change
2026-06-12 17:34:58 | INFO | libraries.navigation_predictor | Predicted next action candidate: haklarr
2026-06-12 17:34:58 | INFO | libraries.self_healing_locator | Attempting self-healing lookup for element: haklarr
2026-06-12 17:34:58 | INFO | libraries.self_healing_locator | Locator matched successfully | element=haklarr | strategy=text | by=xpath | value=//*[normalize-space()="haklarr"]
2026-06-12 17:35:00 | INFO | libraries.workflow_memory | Recorded workflow transition | action=click | target=haklarr | source=WashTAB! | destination=WashTAB! | status=no_navigation_change
2026-06-12 17:35:00 | INFO | libraries.navigation_predictor | Predicted next action candidate: coming_soon
2026-06-12 17:35:00 | INFO | libraries.self_healing_locator | Attempting self-healing lookup for element: coming_soon
2026-06-12 17:35:01 | INFO | libraries.self_healing_locator | Locator matched successfully | element=coming_soon | strategy=text | by=xpath | value=//*[normalize-space()="Coming Soon!"]
2026-06-12 17:35:03 | INFO | libraries.workflow_memory | Recorded workflow transition | action=click | target=coming_soon | source=WashTAB! | destination=WashTAB! | status=passed
2026-06-12 17:35:05 | INFO | libraries.navigation_predictor | Predicted next action candidate: ion-fab-button_1
2026-06-12 17:35:05 | INFO | libraries.self_healing_locator | Attempting self-healing lookup for element: ion-fab-button_1
2026-06-12 17:35:06 | INFO | libraries.self_healing_locator | Locator matched successfully | element=ion-fab-button_1 | strategy=xpath | by=xpath | value=/html[1]/body[1]/app-root[1]/ion-app[1]/ion-router-outlet[1]/app-home[1]/app-ics-main-template[1]/ion-header[1]/ion-toolbar[1]/ion-grid[1]/ion-row[1]/ion-col[2]/ion-fab[1]/ion-fab-list[1]/ion-fab-button[1]
2026-06-12 17:35:08 | INFO | libraries.workflow_memory | Recorded workflow transition | action=click | target=ion-fab-button_1 | source=WashTAB! | destination=WashTAB! | status=no_navigation_change
2026-06-12 17:35:08 | INFO | libraries.navigation_predictor | Predicted next action candidate: ion-fab-button_5
2026-06-12 17:35:08 | INFO | libraries.self_healing_locator | Attempting self-healing lookup for element: ion-fab-button_5
2026-06-12 17:35:09 | INFO | libraries.self_healing_locator | Locator matched successfully | element=ion-fab-button_5 | strategy=xpath | by=xpath | value=/html[1]/body[1]/app-root[1]/ion-app[1]/ion-router-outlet[1]/app-home[1]/app-ics-main-template[1]/ion-header[1]/ion-toolbar[1]/ion-grid[1]/ion-row[1]/ion-col[2]/ion-fab[1]/ion-fab-list[1]/ion-fab-button[3]
2026-06-12 17:35:11 | INFO | libraries.workflow_memory | Recorded workflow transition | action=click | target=ion-fab-button_5 | source=WashTAB! | destination=WashTAB! | status=no_navigation_change
2026-06-12 17:35:11 | INFO | libraries.intelligent_explorer | Exploration complete | attempted=5 | successful=1 | failed=4 | skipped=0
2026-06-12 17:35:11 | INFO | libraries.workflow_memory | Saved workflow graph: artifacts\workflow_data\workflow_graph_20260612_120511.json
2026-06-12 17:35:11 | INFO | libraries.exploration_analytics | Saved exploration analytics: artifacts\analytics\exploration_summary_20260612_120511.json
2026-06-12 17:35:11 | INFO | libraries.ai_summary_service | Generating AI page summary
2026-06-12 17:35:11 | INFO | libraries.gains_ai_client | Calling GAINS AI endpoint | attempt=1 | model=default
2026-06-12 17:35:12 | WARNING | libraries.gains_ai_client | GAINS AI call failed on attempt 1: 422 Client Error: Unprocessable Entity for url: https://gains.dovercorp.com/se/gains-api/chat
2026-06-12 17:35:12 | INFO | libraries.gains_ai_client | Calling GAINS AI endpoint | attempt=2 | model=default
2026-06-12 17:35:13 | WARNING | libraries.gains_ai_client | GAINS AI call failed on attempt 2: 422 Client Error: Unprocessable Entity for url: https://gains.dovercorp.com/se/gains-api/chat
2026-06-12 17:35:13 | INFO | libraries.gains_ai_client | Calling GAINS AI endpoint | attempt=3 | model=default
2026-06-12 17:35:14 | WARNING | libraries.gains_ai_client | GAINS AI call failed on attempt 3: 422 Client Error: Unprocessable Entity for url: https://gains.dovercorp.com/se/gains-api/chat
2026-06-12 17:35:14 | ERROR | __main__ | Pipeline execution failed: GAINS AI call failed after retries: 422 Client Error: Unprocessable Entity for url: https://gains.dovercorp.com/se/gains-api/chat
Traceback (most recent call last):
  File "D:\Washtab_New\ai-qa-framework\libraries\run_autonomous_pipeline.py", line 208, in run
    self._run_ai_summaries(result, page_snapshot, workflow_path)
  File "D:\Washtab_New\ai-qa-framework\libraries\run_autonomous_pipeline.py", line 435, in _run_ai_summaries
    page_summary = self.ai_summary_service.generate_page_summary(page_snapshot)
                   ^^^^^^^^^^^^^^^^^^^^^^^^^^^^^^^^^^^^^^^^^^^^^^^^^^^^^^^^^^^^
  File "D:\Washtab_New\ai-qa-framework\libraries\ai_summary_service.py", line 21, in generate_page_summary
    response = self.ai_client.generate_text(
               ^^^^^^^^^^^^^^^^^^^^^^^^^^^^^
  File "D:\Washtab_New\ai-qa-framework\libraries\gains_ai_client.py", line 88, in generate_text
    raise GainsAIClientError(f"GAINS AI call failed after retries: {last_error}")
libraries.gains_ai_client.GainsAIClientError: GAINS AI call failed after retries: 422 Client Error: Unprocessable Entity for url: https://gains.dovercorp.com/se/gains-api/chat
2026-06-12 17:35:14 | INFO | libraries.knowledge_store | Saved application knowledge store: artifacts\knowledge_graph\application_knowledge.json
2026-06-12 17:35:14 | INFO | libraries.knowledge_store | Saved application knowledge snapshot: artifacts\knowledge_graph\application_knowledge_20260612_120514.json
2026-06-12 17:35:14 | INFO | libraries.browser_manager | Closing browser resources
2026-06-12 17:42:48 | INFO | __main__ | Initializing autonomous pipeline
2026-06-12 17:42:48 | INFO | libraries.config_loader | Loaded config file: config\framework_config.yaml
2026-06-12 17:42:48 | INFO | libraries.config_loader | Loaded config file: config\browser_config.yaml
2026-06-12 17:42:48 | INFO | libraries.config_loader | Resolved config value from environment variable: DEVEX_AI_TOKEN
2026-06-12 17:42:48 | INFO | libraries.config_loader | Loaded config file: config\ai_config.yaml
2026-06-12 17:42:48 | INFO | libraries.config_loader | Loaded config file: config\locator_config.yaml
2026-06-12 17:42:48 | INFO | libraries.config_loader | Loaded config file: config\assertion_config.yaml
2026-06-12 17:42:48 | INFO | __main__ | Artifact directories ready: {'page_data': 'artifacts\\page_data', 'workflow_data': 'artifacts\\workflow_data', 'ai_testcases': 'artifacts\\ai_testcases', 'generated_robot_tests': 'artifacts\\generated_robot_tests', 'locator_intelligence': 'artifacts\\locator_intelligence', 'assertions': 'artifacts\\assertions', 'screenshots': 'artifacts\\screenshots', 'analytics': 'artifacts\\analytics', 'execution': 'artifacts\\execution', 'knowledge_graph': 'artifacts\\knowledge_graph', 'testcases': 'artifacts\\testcases', 'healing': 'artifacts\\healing'}
2026-06-12 17:42:48 | INFO | libraries.dom_understanding_engine | DOMUnderstandingEngine initialized
2026-06-12 17:42:48 | INFO | libraries.self_healing_locator | SelfHealingLocator initialized
2026-06-12 17:42:48 | INFO | libraries.semantic_enricher | SemanticEnricher initialized
2026-06-12 17:42:48 | INFO | libraries.knowledge_store | Creating new application knowledge store: artifacts\knowledge_graph\application_knowledge.json
2026-06-12 17:42:48 | INFO | libraries.workflow_agent | WorkflowAgent initialized
2026-06-12 17:42:48 | INFO | libraries.navigation_predictor | NavigationPredictor initialized
2026-06-12 17:42:48 | INFO | libraries.browser_manager | Starting browser: chromium | headless=False
2026-06-12 17:42:49 | INFO | libraries.browser_manager | Launching browser with screen size 1366x768
2026-06-12 17:42:50 | INFO | libraries.browser_manager | Navigating to URL: http://172.21.166.115/washtabui/home
2026-06-12 17:42:55 | INFO | libraries.browser_manager | Captured screenshot: artifacts\screenshots\initial_landing_page.png
2026-06-12 17:42:55 | INFO | libraries.authenticator | Starting login flow
2026-06-12 17:42:55 | INFO | libraries.authenticator | Executing pre-login click step
2026-06-12 17:43:07 | INFO | libraries.authenticator | Login successful | url=http://172.21.166.115/washtabui/home | title=WashTAB!
2026-06-12 17:43:07 | INFO | libraries.browser_manager | Captured screenshot: artifacts\screenshots\post_login_page.png
2026-06-12 17:43:07 | INFO | libraries.page_analyzer | Starting page analysis
2026-06-12 17:43:07 | INFO | libraries.dom_understanding_engine | Extracting DOM intelligence from current page
2026-06-12 17:43:07 | INFO | libraries.dom_understanding_engine | DOM extraction completed | title=WashTAB! | url=http://172.21.166.115/washtabui/home | elements=48
2026-06-12 17:43:07 | INFO | libraries.dom_understanding_engine | Classification complete | buttons=17 | inputs=0 | links=0 | forms=0 | others=31
2026-06-12 17:43:07 | INFO | libraries.page_analyzer | Saved page screenshot: artifacts\screenshots\washtab_20260612_121307.png
2026-06-12 17:43:07 | INFO | libraries.page_analyzer | Saved page DOM: artifacts\page_data\washtab_20260612_121307.dom.json
2026-06-12 17:43:07 | INFO | libraries.page_analyzer | Saved page analysis: artifacts\page_data\washtab_20260612_121307.analysis.json
2026-06-12 17:43:07 | INFO | libraries.page_analyzer | Page analysis completed | page=washtab | title=WashTAB! | url=http://172.21.166.115/washtabui/home
2026-06-12 17:43:07 | INFO | libraries.semantic_enricher | Semantic enrichment complete | page=washtab | type=general | module=home | entity=home
2026-06-12 17:43:07 | INFO | libraries.locator_ranker | Generating locator repository for page: washtab
2026-06-12 17:43:07 | INFO | libraries.locator_ranker | Saved locator repository: artifacts\locator_intelligence\washtab_20260612_121307.locators.json
2026-06-12 17:43:07 | INFO | libraries.locator_ranker | Locator repository generated with 17 records
2026-06-12 17:43:07 | INFO | libraries.self_healing_locator | Attempting self-healing lookup for element: ion-fab-button_1
2026-06-12 17:43:07 | INFO | libraries.self_healing_locator | Locator matched successfully | element=ion-fab-button_1 | strategy=xpath | by=xpath | value=/html[1]/body[1]/app-root[1]/ion-app[1]/ion-router-outlet[1]/app-home[1]/app-ics-main-template[1]/ion-header[1]/ion-toolbar[1]/ion-grid[1]/ion-row[1]/ion-col[2]/ion-fab[1]/ion-fab-list[1]/ion-fab-button[1]
2026-06-12 17:43:07 | INFO | libraries.intelligent_explorer | Starting intelligent exploration
2026-06-12 17:43:07 | INFO | libraries.workflow_agent | WorkflowAgent built 17 exploration candidates
2026-06-12 17:43:07 | INFO | libraries.navigation_predictor | Predicted next action candidate: notifications-button
2026-06-12 17:43:07 | INFO | libraries.self_healing_locator | Attempting self-healing lookup for element: notifications-button
2026-06-12 17:43:08 | INFO | libraries.self_healing_locator | Locator matched successfully | element=notifications-button | strategy=id | by=id | value=notifications-button
2026-06-12 17:43:10 | INFO | libraries.workflow_memory | Recorded workflow transition | action=click | target=notifications-button | source=WashTAB! | destination=WashTAB! | status=no_navigation_change
2026-06-12 17:43:10 | INFO | libraries.navigation_predictor | Predicted next action candidate: haklarr
2026-06-12 17:43:10 | INFO | libraries.self_healing_locator | Attempting self-healing lookup for element: haklarr
2026-06-12 17:43:10 | INFO | libraries.self_healing_locator | Locator matched successfully | element=haklarr | strategy=text | by=xpath | value=//*[normalize-space()="haklarr"]
2026-06-12 17:43:13 | INFO | libraries.workflow_memory | Recorded workflow transition | action=click | target=haklarr | source=WashTAB! | destination=WashTAB! | status=no_navigation_change
2026-06-12 17:43:13 | INFO | libraries.navigation_predictor | Predicted next action candidate: coming_soon
2026-06-12 17:43:13 | INFO | libraries.self_healing_locator | Attempting self-healing lookup for element: coming_soon
2026-06-12 17:43:13 | INFO | libraries.self_healing_locator | Locator matched successfully | element=coming_soon | strategy=text | by=xpath | value=//*[normalize-space()="Coming Soon!"]
2026-06-12 17:43:16 | INFO | libraries.workflow_memory | Recorded workflow transition | action=click | target=coming_soon | source=WashTAB! | destination=WashTAB! | status=passed
2026-06-12 17:43:18 | INFO | libraries.navigation_predictor | Predicted next action candidate: ion-fab-button_1
2026-06-12 17:43:18 | INFO | libraries.self_healing_locator | Attempting self-healing lookup for element: ion-fab-button_1
2026-06-12 17:43:18 | INFO | libraries.self_healing_locator | Locator matched successfully | element=ion-fab-button_1 | strategy=xpath | by=xpath | value=/html[1]/body[1]/app-root[1]/ion-app[1]/ion-router-outlet[1]/app-home[1]/app-ics-main-template[1]/ion-header[1]/ion-toolbar[1]/ion-grid[1]/ion-row[1]/ion-col[2]/ion-fab[1]/ion-fab-list[1]/ion-fab-button[1]
2026-06-12 17:43:21 | INFO | libraries.workflow_memory | Recorded workflow transition | action=click | target=ion-fab-button_1 | source=WashTAB! | destination=WashTAB! | status=no_navigation_change
2026-06-12 17:43:21 | INFO | libraries.navigation_predictor | Predicted next action candidate: ion-fab-button_5
2026-06-12 17:43:21 | INFO | libraries.self_healing_locator | Attempting self-healing lookup for element: ion-fab-button_5
2026-06-12 17:43:21 | INFO | libraries.self_healing_locator | Locator matched successfully | element=ion-fab-button_5 | strategy=xpath | by=xpath | value=/html[1]/body[1]/app-root[1]/ion-app[1]/ion-router-outlet[1]/app-home[1]/app-ics-main-template[1]/ion-header[1]/ion-toolbar[1]/ion-grid[1]/ion-row[1]/ion-col[2]/ion-fab[1]/ion-fab-list[1]/ion-fab-button[3]
2026-06-12 17:43:23 | INFO | libraries.workflow_memory | Recorded workflow transition | action=click | target=ion-fab-button_5 | source=WashTAB! | destination=WashTAB! | status=no_navigation_change
2026-06-12 17:43:23 | INFO | libraries.intelligent_explorer | Exploration complete | attempted=5 | successful=1 | failed=4 | skipped=0
2026-06-12 17:43:23 | INFO | libraries.workflow_memory | Saved workflow graph: artifacts\workflow_data\workflow_graph_20260612_121323.json
2026-06-12 17:43:23 | INFO | libraries.exploration_analytics | Saved exploration analytics: artifacts\analytics\exploration_summary_20260612_121323.json
2026-06-12 17:43:23 | INFO | libraries.ai_summary_service | Generating AI page summary
2026-06-12 17:43:23 | ERROR | __main__ | Pipeline execution failed: Missing AI token. Set environment variable: eyJhbGciOiJIUzI1NiIsInR5cCI6IkpXVCJ9.eyJzdWIiOiJjLW5rYW5vamlhQGRvdmVyY29ycC5jb20iLCJ0b2tlbl9uYW1lIjoiZGV2ZXhfdG9rZW4iLCJjcmVhdGVkIjoxNzc2MjMwMTY3LCJleHAiOjE3ODQwNzM2MDB9.6N1w8mGySVWj6Tm9vIpjDX36ohP9RhnVnsPNcycFbfw
Traceback (most recent call last):
  File "D:\Washtab_New\ai-qa-framework\libraries\run_autonomous_pipeline.py", line 208, in run
    self._run_ai_summaries(result, page_snapshot, workflow_path)
  File "D:\Washtab_New\ai-qa-framework\libraries\run_autonomous_pipeline.py", line 435, in _run_ai_summaries
    page_summary = self.ai_summary_service.generate_page_summary(page_snapshot)
                   ^^^^^^^^^^^^^^^^^^^^^^^^^^^^^^^^^^^^^^^^^^^^^^^^^^^^^^^^^^^^
  File "D:\Washtab_New\ai-qa-framework\libraries\ai_summary_service.py", line 21, in generate_page_summary
    response = self.ai_client.generate_text(
               ^^^^^^^^^^^^^^^^^^^^^^^^^^^^^
  File "D:\Washtab_New\ai-qa-framework\libraries\gains_ai_client.py", line 44, in generate_text
    raise GainsAIClientError(
libraries.gains_ai_client.GainsAIClientError: Missing AI token. Set environment variable: eyJhbGciOiJIUzI1NiIsInR5cCI6IkpXVCJ9.eyJzdWIiOiJjLW5rYW5vamlhQGRvdmVyY29ycC5jb20iLCJ0b2tlbl9uYW1lIjoiZGV2ZXhfdG9rZW4iLCJjcmVhdGVkIjoxNzc2MjMwMTY3LCJleHAiOjE3ODQwNzM2MDB9.6N1w8mGySVWj6Tm9vIpjDX36ohP9RhnVnsPNcycFbfw
2026-06-12 17:43:23 | INFO | libraries.knowledge_store | Saved application knowledge store: artifacts\knowledge_graph\application_knowledge.json
2026-06-12 17:43:23 | INFO | libraries.knowledge_store | Saved application knowledge snapshot: artifacts\knowledge_graph\application_knowledge_20260612_121323.json
2026-06-12 17:43:23 | INFO | libraries.browser_manager | Closing browser resources
2026-06-12 17:51:31 | INFO | __main__ | Initializing autonomous pipeline
2026-06-12 17:51:32 | INFO | libraries.config_loader | Loaded config file: config\framework_config.yaml
2026-06-12 17:51:32 | INFO | libraries.config_loader | Loaded config file: config\browser_config.yaml
2026-06-12 17:51:32 | INFO | libraries.config_loader | Loaded config file: config\ai_config.yaml
2026-06-12 17:51:32 | INFO | libraries.config_loader | Loaded config file: config\locator_config.yaml
2026-06-12 17:51:32 | INFO | libraries.config_loader | Loaded config file: config\assertion_config.yaml
2026-06-12 17:51:32 | INFO | __main__ | Artifact directories ready: {'page_data': 'artifacts\\page_data', 'workflow_data': 'artifacts\\workflow_data', 'ai_testcases': 'artifacts\\ai_testcases', 'generated_robot_tests': 'artifacts\\generated_robot_tests', 'locator_intelligence': 'artifacts\\locator_intelligence', 'assertions': 'artifacts\\assertions', 'screenshots': 'artifacts\\screenshots', 'analytics': 'artifacts\\analytics', 'execution': 'artifacts\\execution', 'knowledge_graph': 'artifacts\\knowledge_graph', 'testcases': 'artifacts\\testcases', 'healing': 'artifacts\\healing'}
2026-06-12 17:51:32 | INFO | libraries.dom_understanding_engine | DOMUnderstandingEngine initialized
2026-06-12 17:51:32 | INFO | libraries.self_healing_locator | SelfHealingLocator initialized
2026-06-12 17:51:32 | INFO | libraries.semantic_enricher | SemanticEnricher initialized
2026-06-12 17:51:32 | INFO | libraries.knowledge_store | Creating new application knowledge store: artifacts\knowledge_graph\application_knowledge.json
2026-06-12 17:51:32 | INFO | libraries.workflow_agent | WorkflowAgent initialized
2026-06-12 17:51:32 | INFO | libraries.navigation_predictor | NavigationPredictor initialized
2026-06-12 17:51:32 | INFO | libraries.browser_manager | Starting browser: chromium | headless=False
2026-06-12 17:51:32 | INFO | libraries.browser_manager | Launching browser with screen size 1366x768
2026-06-12 17:51:33 | INFO | libraries.browser_manager | Navigating to URL: http://172.21.166.115/washtabui/home
2026-06-12 17:51:38 | INFO | libraries.browser_manager | Captured screenshot: artifacts\screenshots\initial_landing_page.png
2026-06-12 17:51:38 | INFO | libraries.authenticator | Starting login flow
2026-06-12 17:51:38 | INFO | libraries.authenticator | Executing pre-login click step
2026-06-12 17:51:50 | INFO | libraries.authenticator | Login successful | url=http://172.21.166.115/washtabui/home | title=WashTAB!
2026-06-12 17:51:50 | INFO | libraries.browser_manager | Captured screenshot: artifacts\screenshots\post_login_page.png
2026-06-12 17:51:50 | INFO | libraries.page_analyzer | Starting page analysis
2026-06-12 17:51:50 | INFO | libraries.dom_understanding_engine | Extracting DOM intelligence from current page
2026-06-12 17:51:50 | INFO | libraries.dom_understanding_engine | DOM extraction completed | title=WashTAB! | url=http://172.21.166.115/washtabui/home | elements=48
2026-06-12 17:51:50 | INFO | libraries.dom_understanding_engine | Classification complete | buttons=17 | inputs=0 | links=0 | forms=0 | others=31
2026-06-12 17:51:50 | INFO | libraries.page_analyzer | Saved page screenshot: artifacts\screenshots\washtab_20260612_122150.png
2026-06-12 17:51:50 | INFO | libraries.page_analyzer | Saved page DOM: artifacts\page_data\washtab_20260612_122150.dom.json
2026-06-12 17:51:50 | INFO | libraries.page_analyzer | Saved page analysis: artifacts\page_data\washtab_20260612_122150.analysis.json
2026-06-12 17:51:50 | INFO | libraries.page_analyzer | Page analysis completed | page=washtab | title=WashTAB! | url=http://172.21.166.115/washtabui/home
2026-06-12 17:51:50 | INFO | libraries.semantic_enricher | Semantic enrichment complete | page=washtab | type=general | module=home | entity=home
2026-06-12 17:51:50 | INFO | libraries.locator_ranker | Generating locator repository for page: washtab
2026-06-12 17:51:50 | INFO | libraries.locator_ranker | Saved locator repository: artifacts\locator_intelligence\washtab_20260612_122150.locators.json
2026-06-12 17:51:50 | INFO | libraries.locator_ranker | Locator repository generated with 17 records
2026-06-12 17:51:50 | INFO | libraries.self_healing_locator | Attempting self-healing lookup for element: ion-fab-button_1
2026-06-12 17:51:51 | INFO | libraries.self_healing_locator | Locator matched successfully | element=ion-fab-button_1 | strategy=xpath | by=xpath | value=/html[1]/body[1]/app-root[1]/ion-app[1]/ion-router-outlet[1]/app-home[1]/app-ics-main-template[1]/ion-header[1]/ion-toolbar[1]/ion-grid[1]/ion-row[1]/ion-col[2]/ion-fab[1]/ion-fab-list[1]/ion-fab-button[1]
2026-06-12 17:51:51 | INFO | libraries.intelligent_explorer | Starting intelligent exploration
2026-06-12 17:51:51 | INFO | libraries.workflow_agent | WorkflowAgent built 17 exploration candidates
2026-06-12 17:51:51 | INFO | libraries.navigation_predictor | Predicted next action candidate: notifications-button
2026-06-12 17:51:51 | INFO | libraries.self_healing_locator | Attempting self-healing lookup for element: notifications-button
2026-06-12 17:51:51 | INFO | libraries.self_healing_locator | Locator matched successfully | element=notifications-button | strategy=id | by=id | value=notifications-button
2026-06-12 17:51:53 | INFO | libraries.workflow_memory | Recorded workflow transition | action=click | target=notifications-button | source=WashTAB! | destination=WashTAB! | status=no_navigation_change
2026-06-12 17:51:53 | INFO | libraries.navigation_predictor | Predicted next action candidate: haklarr
2026-06-12 17:51:53 | INFO | libraries.self_healing_locator | Attempting self-healing lookup for element: haklarr
2026-06-12 17:51:54 | INFO | libraries.self_healing_locator | Locator matched successfully | element=haklarr | strategy=text | by=xpath | value=//*[normalize-space()="haklarr"]
2026-06-12 17:51:56 | INFO | libraries.workflow_memory | Recorded workflow transition | action=click | target=haklarr | source=WashTAB! | destination=WashTAB! | status=no_navigation_change
2026-06-12 17:51:56 | INFO | libraries.navigation_predictor | Predicted next action candidate: coming_soon
2026-06-12 17:51:56 | INFO | libraries.self_healing_locator | Attempting self-healing lookup for element: coming_soon
2026-06-12 17:51:57 | INFO | libraries.self_healing_locator | Locator matched successfully | element=coming_soon | strategy=text | by=xpath | value=//*[normalize-space()="Coming Soon!"]
2026-06-12 17:51:59 | INFO | libraries.workflow_memory | Recorded workflow transition | action=click | target=coming_soon | source=WashTAB! | destination=WashTAB! | status=passed
2026-06-12 17:52:01 | INFO | libraries.navigation_predictor | Predicted next action candidate: ion-fab-button_1
2026-06-12 17:52:01 | INFO | libraries.self_healing_locator | Attempting self-healing lookup for element: ion-fab-button_1
2026-06-12 17:52:02 | INFO | libraries.self_healing_locator | Locator matched successfully | element=ion-fab-button_1 | strategy=xpath | by=xpath | value=/html[1]/body[1]/app-root[1]/ion-app[1]/ion-router-outlet[1]/app-home[1]/app-ics-main-template[1]/ion-header[1]/ion-toolbar[1]/ion-grid[1]/ion-row[1]/ion-col[2]/ion-fab[1]/ion-fab-list[1]/ion-fab-button[1]
2026-06-12 17:52:04 | INFO | libraries.workflow_memory | Recorded workflow transition | action=click | target=ion-fab-button_1 | source=WashTAB! | destination=WashTAB! | status=no_navigation_change
2026-06-12 17:52:04 | INFO | libraries.navigation_predictor | Predicted next action candidate: ion-fab-button_5
2026-06-12 17:52:04 | INFO | libraries.self_healing_locator | Attempting self-healing lookup for element: ion-fab-button_5
2026-06-12 17:52:04 | INFO | libraries.self_healing_locator | Locator matched successfully | element=ion-fab-button_5 | strategy=xpath | by=xpath | value=/html[1]/body[1]/app-root[1]/ion-app[1]/ion-router-outlet[1]/app-home[1]/app-ics-main-template[1]/ion-header[1]/ion-toolbar[1]/ion-grid[1]/ion-row[1]/ion-col[2]/ion-fab[1]/ion-fab-list[1]/ion-fab-button[3]
2026-06-12 17:52:07 | INFO | libraries.workflow_memory | Recorded workflow transition | action=click | target=ion-fab-button_5 | source=WashTAB! | destination=WashTAB! | status=no_navigation_change
2026-06-12 17:52:07 | INFO | libraries.intelligent_explorer | Exploration complete | attempted=5 | successful=1 | failed=4 | skipped=0
2026-06-12 17:52:07 | INFO | libraries.workflow_memory | Saved workflow graph: artifacts\workflow_data\workflow_graph_20260612_122207.json
2026-06-12 17:52:07 | INFO | libraries.exploration_analytics | Saved exploration analytics: artifacts\analytics\exploration_summary_20260612_122207.json
2026-06-12 17:52:07 | INFO | libraries.ai_summary_service | Generating AI page summary
2026-06-12 17:52:07 | INFO | libraries.gains_ai_client | Calling GAINS AI endpoint | attempt=1 | model=default
2026-06-12 17:52:08 | WARNING | libraries.gains_ai_client | GAINS AI call failed on attempt 1: 422 Client Error: Unprocessable Entity for url: https://gains.dovercorp.com/se/gains-api/chat
2026-06-12 17:52:08 | INFO | libraries.gains_ai_client | Calling GAINS AI endpoint | attempt=2 | model=default
2026-06-12 17:52:09 | WARNING | libraries.gains_ai_client | GAINS AI call failed on attempt 2: 422 Client Error: Unprocessable Entity for url: https://gains.dovercorp.com/se/gains-api/chat
2026-06-12 17:52:09 | INFO | libraries.gains_ai_client | Calling GAINS AI endpoint | attempt=3 | model=default
2026-06-12 17:52:10 | WARNING | libraries.gains_ai_client | GAINS AI call failed on attempt 3: 422 Client Error: Unprocessable Entity for url: https://gains.dovercorp.com/se/gains-api/chat
2026-06-12 17:52:10 | ERROR | __main__ | Pipeline execution failed: GAINS AI call failed after retries: 422 Client Error: Unprocessable Entity for url: https://gains.dovercorp.com/se/gains-api/chat
Traceback (most recent call last):
  File "D:\Washtab_New\ai-qa-framework\libraries\run_autonomous_pipeline.py", line 208, in run
    self._run_ai_summaries(result, page_snapshot, workflow_path)
  File "D:\Washtab_New\ai-qa-framework\libraries\run_autonomous_pipeline.py", line 435, in _run_ai_summaries
    page_summary = self.ai_summary_service.generate_page_summary(page_snapshot)
                   ^^^^^^^^^^^^^^^^^^^^^^^^^^^^^^^^^^^^^^^^^^^^^^^^^^^^^^^^^^^^
  File "D:\Washtab_New\ai-qa-framework\libraries\ai_summary_service.py", line 21, in generate_page_summary
    response = self.ai_client.generate_text(
               ^^^^^^^^^^^^^^^^^^^^^^^^^^^^^
  File "D:\Washtab_New\ai-qa-framework\libraries\gains_ai_client.py", line 88, in generate_text
    raise GainsAIClientError(f"GAINS AI call failed after retries: {last_error}")
libraries.gains_ai_client.GainsAIClientError: GAINS AI call failed after retries: 422 Client Error: Unprocessable Entity for url: https://gains.dovercorp.com/se/gains-api/chat
2026-06-12 17:52:10 | INFO | libraries.knowledge_store | Saved application knowledge store: artifacts\knowledge_graph\application_knowledge.json
2026-06-12 17:52:10 | INFO | libraries.knowledge_store | Saved application knowledge snapshot: artifacts\knowledge_graph\application_knowledge_20260612_122210.json
2026-06-12 17:52:10 | INFO | libraries.browser_manager | Closing browser resources
2026-06-12 18:35:54 | INFO | __main__ | Initializing autonomous pipeline
2026-06-12 18:35:54 | INFO | libraries.config_loader | Loaded config file: config\framework_config.yaml
2026-06-12 18:35:54 | INFO | libraries.config_loader | Loaded config file: config\browser_config.yaml
2026-06-12 18:35:54 | INFO | libraries.config_loader | Loaded config file: config\ai_config.yaml
2026-06-12 18:35:54 | INFO | libraries.config_loader | Loaded config file: config\locator_config.yaml
2026-06-12 18:35:54 | INFO | libraries.config_loader | Loaded config file: config\assertion_config.yaml
2026-06-12 18:35:54 | INFO | __main__ | Artifact directories ready: {'page_data': 'artifacts\\page_data', 'workflow_data': 'artifacts\\workflow_data', 'ai_testcases': 'artifacts\\ai_testcases', 'generated_robot_tests': 'artifacts\\generated_robot_tests', 'locator_intelligence': 'artifacts\\locator_intelligence', 'assertions': 'artifacts\\assertions', 'screenshots': 'artifacts\\screenshots', 'analytics': 'artifacts\\analytics', 'execution': 'artifacts\\execution', 'knowledge_graph': 'artifacts\\knowledge_graph', 'testcases': 'artifacts\\testcases', 'healing': 'artifacts\\healing'}
2026-06-12 18:35:54 | INFO | libraries.dom_understanding_engine | DOMUnderstandingEngine initialized
2026-06-12 18:35:54 | INFO | libraries.self_healing_locator | SelfHealingLocator initialized
2026-06-12 18:35:54 | INFO | libraries.semantic_enricher | SemanticEnricher initialized
2026-06-12 18:35:54 | INFO | libraries.knowledge_store | Creating new application knowledge store: artifacts\knowledge_graph\application_knowledge.json
2026-06-12 18:35:54 | INFO | libraries.workflow_agent | WorkflowAgent initialized
2026-06-12 18:35:54 | INFO | libraries.navigation_predictor | NavigationPredictor initialized
2026-06-12 18:35:54 | INFO | libraries.browser_manager | Starting browser: chromium | headless=False
2026-06-12 18:35:54 | INFO | libraries.browser_manager | Launching browser with screen size 1366x768
2026-06-12 18:35:56 | INFO | libraries.browser_manager | Navigating to URL: http://172.21.166.115/washtabui/home
2026-06-12 18:36:04 | INFO | libraries.browser_manager | Captured screenshot: artifacts\screenshots\initial_landing_page.png
2026-06-12 18:36:04 | INFO | libraries.authenticator | Starting login flow
2026-06-12 18:36:04 | INFO | libraries.authenticator | Executing pre-login click step
2026-06-12 18:36:15 | INFO | libraries.authenticator | Login successful | url=http://172.21.166.115/washtabui/home | title=WashTAB!
2026-06-12 18:36:16 | INFO | libraries.browser_manager | Captured screenshot: artifacts\screenshots\post_login_page.png
2026-06-12 18:36:16 | INFO | libraries.page_analyzer | Starting page analysis
2026-06-12 18:36:16 | INFO | libraries.dom_understanding_engine | Extracting DOM intelligence from current page
2026-06-12 18:36:16 | INFO | libraries.dom_understanding_engine | DOM extraction completed | title=WashTAB! | url=http://172.21.166.115/washtabui/home | elements=48
2026-06-12 18:36:16 | INFO | libraries.dom_understanding_engine | Classification complete | buttons=17 | inputs=0 | links=0 | forms=0 | others=31
2026-06-12 18:36:16 | INFO | libraries.page_analyzer | Saved page screenshot: artifacts\screenshots\washtab_20260612_130616.png
2026-06-12 18:36:16 | INFO | libraries.page_analyzer | Saved page DOM: artifacts\page_data\washtab_20260612_130616.dom.json
2026-06-12 18:36:16 | INFO | libraries.page_analyzer | Saved page analysis: artifacts\page_data\washtab_20260612_130616.analysis.json
2026-06-12 18:36:16 | INFO | libraries.page_analyzer | Page analysis completed | page=washtab | title=WashTAB! | url=http://172.21.166.115/washtabui/home
2026-06-12 18:36:16 | INFO | libraries.semantic_enricher | Semantic enrichment complete | page=washtab | type=general | module=home | entity=home
2026-06-12 18:36:16 | INFO | libraries.locator_ranker | Generating locator repository for page: washtab
2026-06-12 18:36:16 | INFO | libraries.locator_ranker | Saved locator repository: artifacts\locator_intelligence\washtab_20260612_130616.locators.json
2026-06-12 18:36:16 | INFO | libraries.locator_ranker | Locator repository generated with 17 records
2026-06-12 18:36:16 | INFO | libraries.self_healing_locator | Attempting self-healing lookup for element: ion-fab-button_1
2026-06-12 18:36:16 | INFO | libraries.self_healing_locator | Locator matched successfully | element=ion-fab-button_1 | strategy=xpath | by=xpath | value=/html[1]/body[1]/app-root[1]/ion-app[1]/ion-router-outlet[1]/app-home[1]/app-ics-main-template[1]/ion-header[1]/ion-toolbar[1]/ion-grid[1]/ion-row[1]/ion-col[2]/ion-fab[1]/ion-fab-list[1]/ion-fab-button[1]
2026-06-12 18:36:16 | INFO | libraries.intelligent_explorer | Starting intelligent exploration
2026-06-12 18:36:16 | INFO | libraries.workflow_agent | WorkflowAgent built 17 exploration candidates
2026-06-12 18:36:16 | INFO | libraries.navigation_predictor | Predicted next action candidate: notifications-button
2026-06-12 18:36:16 | INFO | libraries.self_healing_locator | Attempting self-healing lookup for element: notifications-button
2026-06-12 18:36:17 | INFO | libraries.self_healing_locator | Locator matched successfully | element=notifications-button | strategy=id | by=id | value=notifications-button
2026-06-12 18:36:19 | INFO | libraries.workflow_memory | Recorded workflow transition | action=click | target=notifications-button | source=WashTAB! | destination=WashTAB! | status=no_navigation_change
2026-06-12 18:36:19 | INFO | libraries.navigation_predictor | Predicted next action candidate: haklarr
2026-06-12 18:36:19 | INFO | libraries.self_healing_locator | Attempting self-healing lookup for element: haklarr
2026-06-12 18:36:19 | INFO | libraries.self_healing_locator | Locator matched successfully | element=haklarr | strategy=text | by=xpath | value=//*[normalize-space()="haklarr"]
2026-06-12 18:36:22 | INFO | libraries.workflow_memory | Recorded workflow transition | action=click | target=haklarr | source=WashTAB! | destination=WashTAB! | status=no_navigation_change
2026-06-12 18:36:22 | INFO | libraries.navigation_predictor | Predicted next action candidate: coming_soon
2026-06-12 18:36:22 | INFO | libraries.self_healing_locator | Attempting self-healing lookup for element: coming_soon
2026-06-12 18:36:22 | INFO | libraries.self_healing_locator | Locator matched successfully | element=coming_soon | strategy=text | by=xpath | value=//*[normalize-space()="Coming Soon!"]
2026-06-12 18:36:24 | INFO | libraries.workflow_memory | Recorded workflow transition | action=click | target=coming_soon | source=WashTAB! | destination=WashTAB! | status=passed
2026-06-12 18:36:27 | INFO | libraries.navigation_predictor | Predicted next action candidate: ion-fab-button_1
2026-06-12 18:36:27 | INFO | libraries.self_healing_locator | Attempting self-healing lookup for element: ion-fab-button_1
2026-06-12 18:36:27 | INFO | libraries.self_healing_locator | Locator matched successfully | element=ion-fab-button_1 | strategy=xpath | by=xpath | value=/html[1]/body[1]/app-root[1]/ion-app[1]/ion-router-outlet[1]/app-home[1]/app-ics-main-template[1]/ion-header[1]/ion-toolbar[1]/ion-grid[1]/ion-row[1]/ion-col[2]/ion-fab[1]/ion-fab-list[1]/ion-fab-button[1]
2026-06-12 18:36:30 | INFO | libraries.workflow_memory | Recorded workflow transition | action=click | target=ion-fab-button_1 | source=WashTAB! | destination=WashTAB! | status=no_navigation_change
2026-06-12 18:36:30 | INFO | libraries.navigation_predictor | Predicted next action candidate: ion-fab-button_5
2026-06-12 18:36:30 | INFO | libraries.self_healing_locator | Attempting self-healing lookup for element: ion-fab-button_5
2026-06-12 18:36:30 | INFO | libraries.self_healing_locator | Locator matched successfully | element=ion-fab-button_5 | strategy=xpath | by=xpath | value=/html[1]/body[1]/app-root[1]/ion-app[1]/ion-router-outlet[1]/app-home[1]/app-ics-main-template[1]/ion-header[1]/ion-toolbar[1]/ion-grid[1]/ion-row[1]/ion-col[2]/ion-fab[1]/ion-fab-list[1]/ion-fab-button[3]
2026-06-12 18:36:32 | INFO | libraries.workflow_memory | Recorded workflow transition | action=click | target=ion-fab-button_5 | source=WashTAB! | destination=WashTAB! | status=no_navigation_change
2026-06-12 18:36:32 | INFO | libraries.intelligent_explorer | Exploration complete | attempted=5 | successful=1 | failed=4 | skipped=0
2026-06-12 18:36:32 | INFO | libraries.workflow_memory | Saved workflow graph: artifacts\workflow_data\workflow_graph_20260612_130632.json
2026-06-12 18:36:32 | INFO | libraries.exploration_analytics | Saved exploration analytics: artifacts\analytics\exploration_summary_20260612_130632.json
2026-06-12 18:36:32 | INFO | libraries.ai_summary_service | Generating AI page summary
2026-06-12 18:36:32 | INFO | libraries.gains_ai_client | Calling GAINS AI endpoint | attempt=1 | model=default
2026-06-12 18:36:33 | WARNING | libraries.gains_ai_client | GAINS AI call failed on attempt 1: 422 Client Error: Unprocessable Entity for url: https://gains.dovercorp.com/se/gains-api/chat
2026-06-12 18:36:33 | INFO | libraries.gains_ai_client | Calling GAINS AI endpoint | attempt=2 | model=default
2026-06-12 18:36:34 | WARNING | libraries.gains_ai_client | GAINS AI call failed on attempt 2: 422 Client Error: Unprocessable Entity for url: https://gains.dovercorp.com/se/gains-api/chat
2026-06-12 18:36:34 | INFO | libraries.gains_ai_client | Calling GAINS AI endpoint | attempt=3 | model=default
2026-06-12 18:36:35 | WARNING | libraries.gains_ai_client | GAINS AI call failed on attempt 3: 422 Client Error: Unprocessable Entity for url: https://gains.dovercorp.com/se/gains-api/chat
2026-06-12 18:36:35 | ERROR | __main__ | Pipeline execution failed: GAINS AI call failed after retries: 422 Client Error: Unprocessable Entity for url: https://gains.dovercorp.com/se/gains-api/chat
Traceback (most recent call last):
  File "D:\Washtab_New\ai-qa-framework\libraries\run_autonomous_pipeline.py", line 208, in run
    self._run_ai_summaries(result, page_snapshot, workflow_path)
  File "D:\Washtab_New\ai-qa-framework\libraries\run_autonomous_pipeline.py", line 435, in _run_ai_summaries
    page_summary = self.ai_summary_service.generate_page_summary(page_snapshot)
                   ^^^^^^^^^^^^^^^^^^^^^^^^^^^^^^^^^^^^^^^^^^^^^^^^^^^^^^^^^^^^
  File "D:\Washtab_New\ai-qa-framework\libraries\ai_summary_service.py", line 21, in generate_page_summary
    response = self.ai_client.generate_text(
               ^^^^^^^^^^^^^^^^^^^^^^^^^^^^^
  File "D:\Washtab_New\ai-qa-framework\libraries\gains_ai_client.py", line 88, in generate_text
    raise GainsAIClientError(f"GAINS AI call failed after retries: {last_error}")
libraries.gains_ai_client.GainsAIClientError: GAINS AI call failed after retries: 422 Client Error: Unprocessable Entity for url: https://gains.dovercorp.com/se/gains-api/chat
2026-06-12 18:36:35 | INFO | libraries.knowledge_store | Saved application knowledge store: artifacts\knowledge_graph\application_knowledge.json
2026-06-12 18:36:35 | INFO | libraries.knowledge_store | Saved application knowledge snapshot: artifacts\knowledge_graph\application_knowledge_20260612_130635.json
2026-06-12 18:36:35 | INFO | libraries.browser_manager | Closing browser resources
2026-06-12 18:41:42 | INFO | __main__ | Initializing autonomous pipeline
2026-06-12 18:41:42 | INFO | libraries.config_loader | Loaded config file: config\framework_config.yaml
2026-06-12 18:41:42 | INFO | libraries.config_loader | Loaded config file: config\browser_config.yaml
2026-06-12 18:41:42 | INFO | libraries.config_loader | Loaded config file: config\ai_config.yaml
2026-06-12 18:41:42 | INFO | libraries.config_loader | Loaded config file: config\locator_config.yaml
2026-06-12 18:41:42 | INFO | libraries.config_loader | Loaded config file: config\assertion_config.yaml
2026-06-12 18:41:42 | INFO | __main__ | Artifact directories ready: {'page_data': 'artifacts\\page_data', 'workflow_data': 'artifacts\\workflow_data', 'ai_testcases': 'artifacts\\ai_testcases', 'generated_robot_tests': 'artifacts\\generated_robot_tests', 'locator_intelligence': 'artifacts\\locator_intelligence', 'assertions': 'artifacts\\assertions', 'screenshots': 'artifacts\\screenshots', 'analytics': 'artifacts\\analytics', 'execution': 'artifacts\\execution', 'knowledge_graph': 'artifacts\\knowledge_graph', 'testcases': 'artifacts\\testcases', 'healing': 'artifacts\\healing'}
2026-06-12 18:41:42 | INFO | libraries.dom_understanding_engine | DOMUnderstandingEngine initialized
2026-06-12 18:41:42 | INFO | libraries.self_healing_locator | SelfHealingLocator initialized
2026-06-12 18:41:42 | INFO | libraries.semantic_enricher | SemanticEnricher initialized
2026-06-12 18:41:42 | INFO | libraries.knowledge_store | Creating new application knowledge store: artifacts\knowledge_graph\application_knowledge.json
2026-06-12 18:41:42 | INFO | libraries.workflow_agent | WorkflowAgent initialized
2026-06-12 18:41:42 | INFO | libraries.navigation_predictor | NavigationPredictor initialized
2026-06-12 18:41:42 | INFO | libraries.browser_manager | Starting browser: chromium | headless=False
2026-06-12 18:41:42 | INFO | libraries.browser_manager | Launching browser with screen size 1366x768
2026-06-12 18:41:43 | INFO | libraries.browser_manager | Navigating to URL: http://172.21.166.115/washtabui/home
2026-06-12 18:41:48 | INFO | libraries.browser_manager | Captured screenshot: artifacts\screenshots\initial_landing_page.png
2026-06-12 18:41:48 | INFO | libraries.authenticator | Starting login flow
2026-06-12 18:41:48 | INFO | libraries.authenticator | Executing pre-login click step
2026-06-12 18:42:00 | INFO | libraries.authenticator | Login successful | url=http://172.21.166.115/washtabui/home | title=WashTAB!
2026-06-12 18:42:00 | INFO | libraries.browser_manager | Captured screenshot: artifacts\screenshots\post_login_page.png
2026-06-12 18:42:00 | INFO | libraries.page_analyzer | Starting page analysis
2026-06-12 18:42:00 | INFO | libraries.dom_understanding_engine | Extracting DOM intelligence from current page
2026-06-12 18:42:00 | INFO | libraries.dom_understanding_engine | DOM extraction completed | title=WashTAB! | url=http://172.21.166.115/washtabui/home | elements=48
2026-06-12 18:42:00 | INFO | libraries.dom_understanding_engine | Classification complete | buttons=17 | inputs=0 | links=0 | forms=0 | others=31
2026-06-12 18:42:00 | INFO | libraries.page_analyzer | Saved page screenshot: artifacts\screenshots\washtab_20260612_131200.png
2026-06-12 18:42:00 | INFO | libraries.page_analyzer | Saved page DOM: artifacts\page_data\washtab_20260612_131200.dom.json
2026-06-12 18:42:00 | INFO | libraries.page_analyzer | Saved page analysis: artifacts\page_data\washtab_20260612_131200.analysis.json
2026-06-12 18:42:00 | INFO | libraries.page_analyzer | Page analysis completed | page=washtab | title=WashTAB! | url=http://172.21.166.115/washtabui/home
2026-06-12 18:42:00 | INFO | libraries.semantic_enricher | Semantic enrichment complete | page=washtab | type=general | module=home | entity=home
2026-06-12 18:42:00 | INFO | libraries.locator_ranker | Generating locator repository for page: washtab
2026-06-12 18:42:00 | INFO | libraries.locator_ranker | Saved locator repository: artifacts\locator_intelligence\washtab_20260612_131200.locators.json
2026-06-12 18:42:00 | INFO | libraries.locator_ranker | Locator repository generated with 17 records
2026-06-12 18:42:00 | INFO | libraries.self_healing_locator | Attempting self-healing lookup for element: ion-fab-button_1
2026-06-12 18:42:01 | INFO | libraries.self_healing_locator | Locator matched successfully | element=ion-fab-button_1 | strategy=xpath | by=xpath | value=/html[1]/body[1]/app-root[1]/ion-app[1]/ion-router-outlet[1]/app-home[1]/app-ics-main-template[1]/ion-header[1]/ion-toolbar[1]/ion-grid[1]/ion-row[1]/ion-col[2]/ion-fab[1]/ion-fab-list[1]/ion-fab-button[1]
2026-06-12 18:42:01 | INFO | libraries.intelligent_explorer | Starting intelligent exploration
2026-06-12 18:42:01 | INFO | libraries.workflow_agent | WorkflowAgent built 17 exploration candidates
2026-06-12 18:42:01 | INFO | libraries.navigation_predictor | Predicted next action candidate: notifications-button
2026-06-12 18:42:01 | INFO | libraries.self_healing_locator | Attempting self-healing lookup for element: notifications-button
2026-06-12 18:42:01 | INFO | libraries.self_healing_locator | Locator matched successfully | element=notifications-button | strategy=id | by=id | value=notifications-button
2026-06-12 18:42:03 | INFO | libraries.workflow_memory | Recorded workflow transition | action=click | target=notifications-button | source=WashTAB! | destination=WashTAB! | status=no_navigation_change
2026-06-12 18:42:03 | INFO | libraries.navigation_predictor | Predicted next action candidate: haklarr
2026-06-12 18:42:03 | INFO | libraries.self_healing_locator | Attempting self-healing lookup for element: haklarr
2026-06-12 18:42:04 | INFO | libraries.self_healing_locator | Locator matched successfully | element=haklarr | strategy=text | by=xpath | value=//*[normalize-space()="haklarr"]
2026-06-12 18:42:06 | INFO | libraries.workflow_memory | Recorded workflow transition | action=click | target=haklarr | source=WashTAB! | destination=WashTAB! | status=no_navigation_change
2026-06-12 18:42:06 | INFO | libraries.navigation_predictor | Predicted next action candidate: coming_soon
2026-06-12 18:42:06 | INFO | libraries.self_healing_locator | Attempting self-healing lookup for element: coming_soon
2026-06-12 18:42:07 | INFO | libraries.self_healing_locator | Locator matched successfully | element=coming_soon | strategy=text | by=xpath | value=//*[normalize-space()="Coming Soon!"]
2026-06-12 18:42:09 | INFO | libraries.workflow_memory | Recorded workflow transition | action=click | target=coming_soon | source=WashTAB! | destination=WashTAB! | status=passed
2026-06-12 18:42:11 | INFO | libraries.navigation_predictor | Predicted next action candidate: ion-fab-button_1
2026-06-12 18:42:11 | INFO | libraries.self_healing_locator | Attempting self-healing lookup for element: ion-fab-button_1
2026-06-12 18:42:12 | INFO | libraries.self_healing_locator | Locator matched successfully | element=ion-fab-button_1 | strategy=xpath | by=xpath | value=/html[1]/body[1]/app-root[1]/ion-app[1]/ion-router-outlet[1]/app-home[1]/app-ics-main-template[1]/ion-header[1]/ion-toolbar[1]/ion-grid[1]/ion-row[1]/ion-col[2]/ion-fab[1]/ion-fab-list[1]/ion-fab-button[1]
2026-06-12 18:42:14 | INFO | libraries.workflow_memory | Recorded workflow transition | action=click | target=ion-fab-button_1 | source=WashTAB! | destination=WashTAB! | status=no_navigation_change
2026-06-12 18:42:14 | INFO | libraries.navigation_predictor | Predicted next action candidate: ion-fab-button_5
2026-06-12 18:42:14 | INFO | libraries.self_healing_locator | Attempting self-healing lookup for element: ion-fab-button_5
2026-06-12 18:42:14 | INFO | libraries.self_healing_locator | Locator matched successfully | element=ion-fab-button_5 | strategy=xpath | by=xpath | value=/html[1]/body[1]/app-root[1]/ion-app[1]/ion-router-outlet[1]/app-home[1]/app-ics-main-template[1]/ion-header[1]/ion-toolbar[1]/ion-grid[1]/ion-row[1]/ion-col[2]/ion-fab[1]/ion-fab-list[1]/ion-fab-button[3]
2026-06-12 18:42:17 | INFO | libraries.workflow_memory | Recorded workflow transition | action=click | target=ion-fab-button_5 | source=WashTAB! | destination=WashTAB! | status=no_navigation_change
2026-06-12 18:42:17 | INFO | libraries.intelligent_explorer | Exploration complete | attempted=5 | successful=1 | failed=4 | skipped=0
2026-06-12 18:42:17 | INFO | libraries.workflow_memory | Saved workflow graph: artifacts\workflow_data\workflow_graph_20260612_131217.json
2026-06-12 18:42:17 | INFO | libraries.exploration_analytics | Saved exploration analytics: artifacts\analytics\exploration_summary_20260612_131217.json
2026-06-12 18:42:17 | INFO | libraries.ai_summary_service | Generating AI page summary
2026-06-12 18:42:17 | INFO | libraries.gains_ai_client | Prepared GAINS AI payload | metadata_type=page_summary | query_len=6166 | context_len=48
2026-06-12 18:42:17 | INFO | libraries.gains_ai_client | Calling GAINS AI endpoint | attempt=1 | model=default
2026-06-12 18:42:39 | INFO | libraries.gains_ai_client | GAINS AI call completed successfully
2026-06-12 18:42:39 | INFO | libraries.ai_summary_service | Saved AI summary artifact: artifacts\analytics\washtab_20260612_131239.page_summary.json
2026-06-12 18:42:39 | INFO | libraries.ai_summary_service | Generating AI workflow summary
2026-06-12 18:42:39 | INFO | libraries.gains_ai_client | Prepared GAINS AI payload | metadata_type=workflow_summary | query_len=3255 | context_len=70
2026-06-12 18:42:39 | INFO | libraries.gains_ai_client | Calling GAINS AI endpoint | attempt=1 | model=default
2026-06-12 18:43:04 | INFO | libraries.gains_ai_client | GAINS AI call completed successfully
2026-06-12 18:43:04 | INFO | libraries.ai_summary_service | Saved AI summary artifact: artifacts\analytics\workflow_summary_20260612_131304.json
2026-06-12 18:43:04 | INFO | libraries.gains_ai_client | Prepared GAINS AI payload | metadata_type=scenario_generation | query_len=30072 | context_len=87
2026-06-12 18:43:04 | INFO | libraries.gains_ai_client | Calling GAINS AI endpoint | attempt=1 | model=default
2026-06-12 18:43:28 | INFO | libraries.gains_ai_client | GAINS AI call completed successfully
2026-06-12 18:43:29 | INFO | libraries.scenario_intelligence | Scenario intelligence using AI-generated scenarios: 5
2026-06-12 18:43:29 | INFO | libraries.manual_test_case_generator | Generated 5 manual test cases
2026-06-12 18:43:29 | INFO | libraries.robot_test_generator | Generated 5 Robot Framework test cases
2026-06-12 18:43:29 | INFO | libraries.robot_executor | Executing generated Robot suite: C:\Users\10083745\AppData\Local\Programs\Python\Python311\Scripts\robot.EXE -d artifacts/execution/robot_runs/run_20260612_131329 artifacts/generated_robot_tests/generated_workflows.robot
2026-06-12 18:43:40 | INFO | libraries.healing_suggester | Generated 0 healing suggestions
2026-06-12 18:43:40 | INFO | libraries.knowledge_store | Saved application knowledge store: artifacts\knowledge_graph\application_knowledge.json
2026-06-12 18:43:40 | INFO | libraries.knowledge_store | Saved application knowledge snapshot: artifacts\knowledge_graph\application_knowledge_20260612_131340.json
2026-06-12 18:43:40 | INFO | __main__ | Autonomous pipeline completed successfully
2026-06-12 18:43:40 | INFO | libraries.browser_manager | Closing browser resources
2026-06-12 18:48:52 | INFO | __main__ | Initializing autonomous pipeline
2026-06-12 18:48:52 | INFO | libraries.config_loader | Loaded config file: config\framework_config.yaml
2026-06-12 18:48:52 | INFO | libraries.config_loader | Loaded config file: config\browser_config.yaml
2026-06-12 18:48:52 | INFO | libraries.config_loader | Loaded config file: config\ai_config.yaml
2026-06-12 18:48:52 | INFO | libraries.config_loader | Loaded config file: config\locator_config.yaml
2026-06-12 18:48:52 | INFO | libraries.config_loader | Loaded config file: config\assertion_config.yaml
2026-06-12 18:48:52 | INFO | __main__ | Artifact directories ready: {'page_data': 'artifacts\\page_data', 'workflow_data': 'artifacts\\workflow_data', 'ai_testcases': 'artifacts\\ai_testcases', 'generated_robot_tests': 'artifacts\\generated_robot_tests', 'locator_intelligence': 'artifacts\\locator_intelligence', 'assertions': 'artifacts\\assertions', 'screenshots': 'artifacts\\screenshots', 'analytics': 'artifacts\\analytics', 'execution': 'artifacts\\execution', 'knowledge_graph': 'artifacts\\knowledge_graph', 'testcases': 'artifacts\\testcases', 'healing': 'artifacts\\healing'}
2026-06-12 18:48:52 | INFO | libraries.dom_understanding_engine | DOMUnderstandingEngine initialized
2026-06-12 18:48:52 | INFO | libraries.self_healing_locator | SelfHealingLocator initialized
2026-06-12 18:48:52 | INFO | libraries.semantic_enricher | SemanticEnricher initialized
2026-06-12 18:48:52 | INFO | libraries.knowledge_store | Creating new application knowledge store: artifacts\knowledge_graph\application_knowledge.json
2026-06-12 18:48:52 | INFO | libraries.workflow_agent | WorkflowAgent initialized
2026-06-12 18:48:52 | INFO | libraries.navigation_predictor | NavigationPredictor initialized
2026-06-12 18:48:52 | INFO | libraries.browser_manager | Starting browser: chromium | headless=False
2026-06-12 18:48:52 | INFO | libraries.browser_manager | Launching browser with screen size 1366x768
2026-06-12 18:48:53 | INFO | libraries.browser_manager | Navigating to URL: http://172.21.166.115/washtabui/home
2026-06-12 18:48:59 | INFO | libraries.browser_manager | Captured screenshot: artifacts\screenshots\initial_landing_page.png
2026-06-12 18:48:59 | INFO | libraries.authenticator | Starting login flow
2026-06-12 18:48:59 | INFO | libraries.authenticator | Executing pre-login click step
2026-06-12 18:49:10 | INFO | libraries.authenticator | Login successful | url=http://172.21.166.115/washtabui/home | title=WashTAB!
2026-06-12 18:49:10 | INFO | libraries.browser_manager | Captured screenshot: artifacts\screenshots\post_login_page.png
2026-06-12 18:49:10 | INFO | libraries.page_analyzer | Starting page analysis
2026-06-12 18:49:10 | INFO | libraries.dom_understanding_engine | Extracting DOM intelligence from current page
2026-06-12 18:49:10 | INFO | libraries.dom_understanding_engine | DOM extraction completed | title=WashTAB! | url=http://172.21.166.115/washtabui/home | elements=48
2026-06-12 18:49:10 | INFO | libraries.dom_understanding_engine | Classification complete | buttons=17 | inputs=0 | links=0 | forms=0 | others=31
2026-06-12 18:49:11 | INFO | libraries.page_analyzer | Saved page screenshot: artifacts\screenshots\washtab_20260612_131910.png
2026-06-12 18:49:11 | INFO | libraries.page_analyzer | Saved page DOM: artifacts\page_data\washtab_20260612_131910.dom.json
2026-06-12 18:49:11 | INFO | libraries.page_analyzer | Saved page analysis: artifacts\page_data\washtab_20260612_131910.analysis.json
2026-06-12 18:49:11 | INFO | libraries.page_analyzer | Page analysis completed | page=washtab | title=WashTAB! | url=http://172.21.166.115/washtabui/home
2026-06-12 18:49:11 | INFO | libraries.semantic_enricher | Semantic enrichment complete | page=washtab | type=general | module=home | entity=home
2026-06-12 18:49:11 | INFO | libraries.locator_ranker | Generating locator repository for page: washtab
2026-06-12 18:49:11 | INFO | libraries.locator_ranker | Saved locator repository: artifacts\locator_intelligence\washtab_20260612_131911.locators.json
2026-06-12 18:49:11 | INFO | libraries.locator_ranker | Locator repository generated with 17 records
2026-06-12 18:49:11 | INFO | libraries.self_healing_locator | Attempting self-healing lookup for element: ion-fab-button_1
2026-06-12 18:49:11 | INFO | libraries.self_healing_locator | Locator matched successfully | element=ion-fab-button_1 | strategy=xpath | by=xpath | value=/html[1]/body[1]/app-root[1]/ion-app[1]/ion-router-outlet[1]/app-home[1]/app-ics-main-template[1]/ion-header[1]/ion-toolbar[1]/ion-grid[1]/ion-row[1]/ion-col[2]/ion-fab[1]/ion-fab-list[1]/ion-fab-button[1]
2026-06-12 18:49:11 | INFO | libraries.intelligent_explorer | Starting intelligent exploration
2026-06-12 18:49:11 | INFO | libraries.workflow_agent | WorkflowAgent built 17 exploration candidates
2026-06-12 18:49:11 | INFO | libraries.navigation_predictor | Predicted next action candidate: notifications-button
2026-06-12 18:49:11 | INFO | libraries.self_healing_locator | Attempting self-healing lookup for element: notifications-button
2026-06-12 18:49:11 | INFO | libraries.self_healing_locator | Locator matched successfully | element=notifications-button | strategy=id | by=id | value=notifications-button
2026-06-12 18:49:14 | INFO | libraries.workflow_memory | Recorded workflow transition | action=click | target=notifications-button | source=WashTAB! | destination=WashTAB! | status=no_navigation_change
2026-06-12 18:49:14 | INFO | libraries.navigation_predictor | Predicted next action candidate: haklarr
2026-06-12 18:49:14 | INFO | libraries.self_healing_locator | Attempting self-healing lookup for element: haklarr
2026-06-12 18:49:14 | INFO | libraries.self_healing_locator | Locator matched successfully | element=haklarr | strategy=text | by=xpath | value=//*[normalize-space()="haklarr"]
2026-06-12 18:49:16 | INFO | libraries.workflow_memory | Recorded workflow transition | action=click | target=haklarr | source=WashTAB! | destination=WashTAB! | status=no_navigation_change
2026-06-12 18:49:16 | INFO | libraries.navigation_predictor | Predicted next action candidate: coming_soon
2026-06-12 18:49:16 | INFO | libraries.self_healing_locator | Attempting self-healing lookup for element: coming_soon
2026-06-12 18:49:17 | INFO | libraries.self_healing_locator | Locator matched successfully | element=coming_soon | strategy=text | by=xpath | value=//*[normalize-space()="Coming Soon!"]
2026-06-12 18:49:19 | INFO | libraries.workflow_memory | Recorded workflow transition | action=click | target=coming_soon | source=WashTAB! | destination=WashTAB! | status=passed
2026-06-12 18:49:21 | INFO | libraries.navigation_predictor | Predicted next action candidate: ion-fab-button_1
2026-06-12 18:49:21 | INFO | libraries.self_healing_locator | Attempting self-healing lookup for element: ion-fab-button_1
2026-06-12 18:49:22 | INFO | libraries.self_healing_locator | Locator matched successfully | element=ion-fab-button_1 | strategy=xpath | by=xpath | value=/html[1]/body[1]/app-root[1]/ion-app[1]/ion-router-outlet[1]/app-home[1]/app-ics-main-template[1]/ion-header[1]/ion-toolbar[1]/ion-grid[1]/ion-row[1]/ion-col[2]/ion-fab[1]/ion-fab-list[1]/ion-fab-button[1]
2026-06-12 18:49:24 | INFO | libraries.workflow_memory | Recorded workflow transition | action=click | target=ion-fab-button_1 | source=WashTAB! | destination=WashTAB! | status=no_navigation_change
2026-06-12 18:49:24 | INFO | libraries.navigation_predictor | Predicted next action candidate: ion-fab-button_5
2026-06-12 18:49:24 | INFO | libraries.self_healing_locator | Attempting self-healing lookup for element: ion-fab-button_5
2026-06-12 18:49:25 | INFO | libraries.self_healing_locator | Locator matched successfully | element=ion-fab-button_5 | strategy=xpath | by=xpath | value=/html[1]/body[1]/app-root[1]/ion-app[1]/ion-router-outlet[1]/app-home[1]/app-ics-main-template[1]/ion-header[1]/ion-toolbar[1]/ion-grid[1]/ion-row[1]/ion-col[2]/ion-fab[1]/ion-fab-list[1]/ion-fab-button[3]
2026-06-12 18:49:27 | INFO | libraries.workflow_memory | Recorded workflow transition | action=click | target=ion-fab-button_5 | source=WashTAB! | destination=WashTAB! | status=no_navigation_change
2026-06-12 18:49:27 | INFO | libraries.intelligent_explorer | Exploration complete | attempted=5 | successful=1 | failed=4 | skipped=0
2026-06-12 18:49:27 | INFO | libraries.workflow_memory | Saved workflow graph: artifacts\workflow_data\workflow_graph_20260612_131927.json
2026-06-12 18:49:27 | INFO | libraries.exploration_analytics | Saved exploration analytics: artifacts\analytics\exploration_summary_20260612_131927.json
2026-06-12 18:49:27 | INFO | libraries.ai_summary_service | Generating AI page summary
2026-06-12 18:49:27 | INFO | libraries.gains_ai_client | Prepared GAINS AI payload | metadata_type=page_summary | query_len=6166 | context_len=48
2026-06-12 18:49:27 | INFO | libraries.gains_ai_client | Calling GAINS AI endpoint | attempt=1 | model=default
2026-06-12 18:49:49 | INFO | libraries.gains_ai_client | GAINS AI call completed successfully
2026-06-12 18:49:49 | INFO | libraries.ai_summary_service | Saved AI summary artifact: artifacts\analytics\washtab_20260612_131949.page_summary.json
2026-06-12 18:49:49 | INFO | libraries.ai_summary_service | Generating AI workflow summary
2026-06-12 18:49:49 | INFO | libraries.gains_ai_client | Prepared GAINS AI payload | metadata_type=workflow_summary | query_len=3255 | context_len=70
2026-06-12 18:49:49 | INFO | libraries.gains_ai_client | Calling GAINS AI endpoint | attempt=1 | model=default
2026-06-12 18:50:17 | INFO | libraries.gains_ai_client | GAINS AI call completed successfully
2026-06-12 18:50:17 | INFO | libraries.ai_summary_service | Saved AI summary artifact: artifacts\analytics\workflow_summary_20260612_132017.json
2026-06-12 18:50:17 | INFO | libraries.gains_ai_client | Prepared GAINS AI payload | metadata_type=scenario_generation | query_len=30072 | context_len=87
2026-06-12 18:50:17 | INFO | libraries.gains_ai_client | Calling GAINS AI endpoint | attempt=1 | model=default
2026-06-12 18:50:41 | INFO | libraries.gains_ai_client | GAINS AI call completed successfully
2026-06-12 18:50:41 | INFO | libraries.scenario_intelligence | Scenario intelligence using AI-generated scenarios: 5
2026-06-12 18:50:41 | INFO | libraries.manual_test_case_generator | Generated 5 manual test cases
2026-06-12 18:50:41 | INFO | libraries.robot_test_generator | Generated 5 Robot Framework test cases
2026-06-12 18:50:41 | INFO | libraries.robot_executor | Executing generated Robot suite: C:\Users\10083745\AppData\Local\Programs\Python\Python311\Scripts\robot.EXE -d artifacts/execution/robot_runs/run_20260612_132041 artifacts/generated_robot_tests/generated_workflows.robot
2026-06-12 18:51:01 | INFO | libraries.healing_suggester | Generated 15 healing suggestions
2026-06-12 18:51:01 | INFO | libraries.healing_applier | Applied healing suggestion HEAL-2026-06-12T13:18:52.342049+00:00-001 to artifacts\generated_robot_tests\generated_keywords.resource
2026-06-12 18:51:01 | INFO | libraries.robot_executor | Executing generated Robot suite: C:\Users\10083745\AppData\Local\Programs\Python\Python311\Scripts\robot.EXE -d artifacts/execution/robot_runs/run_20260612_132101 artifacts/generated_robot_tests/generated_workflows.robot
2026-06-12 18:51:21 | INFO | libraries.knowledge_store | Saved application knowledge store: artifacts\knowledge_graph\application_knowledge.json
2026-06-12 18:51:21 | INFO | libraries.knowledge_store | Saved application knowledge snapshot: artifacts\knowledge_graph\application_knowledge_20260612_132121.json
2026-06-12 18:51:21 | INFO | __main__ | Autonomous pipeline completed successfully
2026-06-12 18:51:21 | INFO | libraries.browser_manager | Closing browser resources
2026-06-12 18:59:16 | INFO | __main__ | Initializing autonomous pipeline
2026-06-12 18:59:16 | INFO | libraries.config_loader | Loaded config file: config\framework_config.yaml
2026-06-12 18:59:16 | INFO | libraries.config_loader | Loaded config file: config\browser_config.yaml
2026-06-12 18:59:16 | INFO | libraries.config_loader | Loaded config file: config\ai_config.yaml
2026-06-12 18:59:16 | INFO | libraries.config_loader | Loaded config file: config\locator_config.yaml
2026-06-12 18:59:16 | INFO | libraries.config_loader | Loaded config file: config\assertion_config.yaml
2026-06-12 18:59:16 | INFO | __main__ | Artifact directories ready: {'page_data': 'artifacts\\page_data', 'workflow_data': 'artifacts\\workflow_data', 'ai_testcases': 'artifacts\\ai_testcases', 'generated_robot_tests': 'artifacts\\generated_robot_tests', 'locator_intelligence': 'artifacts\\locator_intelligence', 'assertions': 'artifacts\\assertions', 'screenshots': 'artifacts\\screenshots', 'analytics': 'artifacts\\analytics', 'execution': 'artifacts\\execution', 'knowledge_graph': 'artifacts\\knowledge_graph', 'testcases': 'artifacts\\testcases', 'healing': 'artifacts\\healing'}
2026-06-12 18:59:16 | INFO | libraries.dom_understanding_engine | DOMUnderstandingEngine initialized
2026-06-12 18:59:16 | INFO | libraries.self_healing_locator | SelfHealingLocator initialized
2026-06-12 18:59:16 | INFO | libraries.semantic_enricher | SemanticEnricher initialized
2026-06-12 18:59:16 | INFO | libraries.knowledge_store | Creating new application knowledge store: artifacts\knowledge_graph\application_knowledge.json
2026-06-12 18:59:16 | INFO | libraries.workflow_agent | WorkflowAgent initialized
2026-06-12 18:59:16 | INFO | libraries.navigation_predictor | NavigationPredictor initialized
2026-06-12 18:59:16 | INFO | libraries.browser_manager | Starting browser: chromium | headless=False
2026-06-12 18:59:16 | INFO | libraries.browser_manager | Launching browser with screen size 1366x768
2026-06-12 18:59:17 | INFO | libraries.browser_manager | Navigating to URL: http://172.21.166.115/washtabui/home
2026-06-12 18:59:22 | INFO | libraries.browser_manager | Captured screenshot: artifacts\screenshots\initial_landing_page.png
2026-06-12 18:59:22 | INFO | libraries.authenticator | Starting login flow
2026-06-12 18:59:22 | INFO | libraries.authenticator | Executing pre-login click step
2026-06-12 18:59:34 | INFO | libraries.authenticator | Login successful | url=http://172.21.166.115/washtabui/home | title=WashTAB!
2026-06-12 18:59:34 | INFO | libraries.browser_manager | Captured screenshot: artifacts\screenshots\post_login_page.png
2026-06-12 18:59:34 | INFO | libraries.page_analyzer | Starting page analysis
2026-06-12 18:59:34 | INFO | libraries.dom_understanding_engine | Extracting DOM intelligence from current page
2026-06-12 18:59:34 | INFO | libraries.dom_understanding_engine | DOM extraction completed | title=WashTAB! | url=http://172.21.166.115/washtabui/home | elements=48
2026-06-12 18:59:34 | INFO | libraries.dom_understanding_engine | Classification complete | buttons=17 | inputs=0 | links=0 | forms=0 | others=31
2026-06-12 18:59:34 | INFO | libraries.page_analyzer | Saved page screenshot: artifacts\screenshots\washtab_20260612_132934.png
2026-06-12 18:59:34 | INFO | libraries.page_analyzer | Saved page DOM: artifacts\page_data\washtab_20260612_132934.dom.json
2026-06-12 18:59:34 | INFO | libraries.page_analyzer | Saved page analysis: artifacts\page_data\washtab_20260612_132934.analysis.json
2026-06-12 18:59:34 | INFO | libraries.page_analyzer | Page analysis completed | page=washtab | title=WashTAB! | url=http://172.21.166.115/washtabui/home
2026-06-12 18:59:34 | INFO | libraries.semantic_enricher | Semantic enrichment complete | page=washtab | type=general | module=home | entity=home
2026-06-12 18:59:34 | INFO | libraries.locator_ranker | Generating locator repository for page: washtab
2026-06-12 18:59:34 | INFO | libraries.locator_ranker | Saved locator repository: artifacts\locator_intelligence\washtab_20260612_132934.locators.json
2026-06-12 18:59:34 | INFO | libraries.locator_ranker | Locator repository generated with 17 records
2026-06-12 18:59:34 | INFO | libraries.self_healing_locator | Attempting self-healing lookup for element: ion-fab-button_1
2026-06-12 18:59:35 | INFO | libraries.self_healing_locator | Locator matched successfully | element=ion-fab-button_1 | strategy=xpath | by=xpath | value=/html[1]/body[1]/app-root[1]/ion-app[1]/ion-router-outlet[1]/app-home[1]/app-ics-main-template[1]/ion-header[1]/ion-toolbar[1]/ion-grid[1]/ion-row[1]/ion-col[2]/ion-fab[1]/ion-fab-list[1]/ion-fab-button[1]
2026-06-12 18:59:35 | INFO | libraries.intelligent_explorer | Starting intelligent exploration
2026-06-12 18:59:35 | INFO | libraries.workflow_agent | WorkflowAgent built 17 exploration candidates
2026-06-12 18:59:35 | INFO | libraries.navigation_predictor | Predicted next action candidate: notifications-button
2026-06-12 18:59:35 | INFO | libraries.self_healing_locator | Attempting self-healing lookup for element: notifications-button
2026-06-12 18:59:35 | INFO | libraries.self_healing_locator | Locator matched successfully | element=notifications-button | strategy=id | by=id | value=notifications-button
2026-06-12 18:59:37 | INFO | libraries.workflow_memory | Recorded workflow transition | action=click | target=notifications-button | source=WashTAB! | destination=WashTAB! | status=no_navigation_change
2026-06-12 18:59:37 | INFO | libraries.navigation_predictor | Predicted next action candidate: haklarr
2026-06-12 18:59:37 | INFO | libraries.self_healing_locator | Attempting self-healing lookup for element: haklarr
2026-06-12 18:59:38 | INFO | libraries.self_healing_locator | Locator matched successfully | element=haklarr | strategy=text | by=xpath | value=//*[normalize-space()="haklarr"]
2026-06-12 18:59:40 | INFO | libraries.workflow_memory | Recorded workflow transition | action=click | target=haklarr | source=WashTAB! | destination=WashTAB! | status=no_navigation_change
2026-06-12 18:59:40 | INFO | libraries.navigation_predictor | Predicted next action candidate: coming_soon
2026-06-12 18:59:40 | INFO | libraries.self_healing_locator | Attempting self-healing lookup for element: coming_soon
2026-06-12 18:59:41 | INFO | libraries.self_healing_locator | Locator matched successfully | element=coming_soon | strategy=text | by=xpath | value=//*[normalize-space()="Coming Soon!"]
2026-06-12 18:59:43 | INFO | libraries.workflow_memory | Recorded workflow transition | action=click | target=coming_soon | source=WashTAB! | destination=WashTAB! | status=passed
2026-06-12 18:59:45 | INFO | libraries.navigation_predictor | Predicted next action candidate: ion-fab-button_1
2026-06-12 18:59:45 | INFO | libraries.self_healing_locator | Attempting self-healing lookup for element: ion-fab-button_1
2026-06-12 18:59:46 | INFO | libraries.self_healing_locator | Locator matched successfully | element=ion-fab-button_1 | strategy=xpath | by=xpath | value=/html[1]/body[1]/app-root[1]/ion-app[1]/ion-router-outlet[1]/app-home[1]/app-ics-main-template[1]/ion-header[1]/ion-toolbar[1]/ion-grid[1]/ion-row[1]/ion-col[2]/ion-fab[1]/ion-fab-list[1]/ion-fab-button[1]
2026-06-12 18:59:48 | INFO | libraries.workflow_memory | Recorded workflow transition | action=click | target=ion-fab-button_1 | source=WashTAB! | destination=WashTAB! | status=no_navigation_change
2026-06-12 18:59:48 | INFO | libraries.navigation_predictor | Predicted next action candidate: ion-fab-button_5
2026-06-12 18:59:48 | INFO | libraries.self_healing_locator | Attempting self-healing lookup for element: ion-fab-button_5
2026-06-12 18:59:48 | INFO | libraries.self_healing_locator | Locator matched successfully | element=ion-fab-button_5 | strategy=xpath | by=xpath | value=/html[1]/body[1]/app-root[1]/ion-app[1]/ion-router-outlet[1]/app-home[1]/app-ics-main-template[1]/ion-header[1]/ion-toolbar[1]/ion-grid[1]/ion-row[1]/ion-col[2]/ion-fab[1]/ion-fab-list[1]/ion-fab-button[3]
2026-06-12 18:59:51 | INFO | libraries.workflow_memory | Recorded workflow transition | action=click | target=ion-fab-button_5 | source=WashTAB! | destination=WashTAB! | status=no_navigation_change
2026-06-12 18:59:51 | INFO | libraries.intelligent_explorer | Exploration complete | attempted=5 | successful=1 | failed=4 | skipped=0
2026-06-12 18:59:51 | INFO | libraries.workflow_memory | Saved workflow graph: artifacts\workflow_data\workflow_graph_20260612_132951.json
2026-06-12 18:59:51 | INFO | libraries.exploration_analytics | Saved exploration analytics: artifacts\analytics\exploration_summary_20260612_132951.json
2026-06-12 18:59:51 | INFO | libraries.ai_summary_service | Generating AI page summary
2026-06-12 18:59:51 | INFO | libraries.gains_ai_client | Prepared GAINS AI payload | metadata_type=page_summary | query_len=6166 | context_len=48
2026-06-12 18:59:51 | INFO | libraries.gains_ai_client | Calling GAINS AI endpoint | attempt=1 | model=default
2026-06-12 19:00:16 | INFO | libraries.gains_ai_client | GAINS AI call completed successfully
2026-06-12 19:00:16 | INFO | libraries.ai_summary_service | Saved AI summary artifact: artifacts\analytics\washtab_20260612_133016.page_summary.json
2026-06-12 19:00:16 | INFO | libraries.ai_summary_service | Generating AI workflow summary
2026-06-12 19:00:16 | INFO | libraries.gains_ai_client | Prepared GAINS AI payload | metadata_type=workflow_summary | query_len=3255 | context_len=70
2026-06-12 19:00:16 | INFO | libraries.gains_ai_client | Calling GAINS AI endpoint | attempt=1 | model=default
2026-06-12 19:00:47 | INFO | libraries.gains_ai_client | GAINS AI call completed successfully
2026-06-12 19:00:47 | INFO | libraries.ai_summary_service | Saved AI summary artifact: artifacts\analytics\workflow_summary_20260612_133047.json
2026-06-12 19:00:47 | INFO | libraries.gains_ai_client | Prepared GAINS AI payload | metadata_type=scenario_generation | query_len=30072 | context_len=87
2026-06-12 19:00:47 | INFO | libraries.gains_ai_client | Calling GAINS AI endpoint | attempt=1 | model=default
2026-06-12 19:01:14 | INFO | libraries.gains_ai_client | GAINS AI call completed successfully
2026-06-12 19:01:14 | INFO | libraries.scenario_intelligence | Scenario intelligence using AI-generated scenarios: 6
2026-06-12 19:01:14 | INFO | libraries.manual_test_case_generator | Generated 6 manual test cases
2026-06-12 19:01:14 | INFO | libraries.robot_test_generator | Generated 6 Robot Framework test cases
2026-06-12 19:01:14 | INFO | libraries.robot_executor | Executing generated Robot suite: C:\Users\10083745\AppData\Local\Programs\Python\Python311\Scripts\robot.EXE -d artifacts/execution/robot_runs/run_20260612_133114 artifacts/generated_robot_tests/generated_workflows.robot
2026-06-12 19:01:27 | INFO | libraries.healing_suggester | Generated 0 healing suggestions
2026-06-12 19:01:27 | INFO | libraries.knowledge_store | Saved application knowledge store: artifacts\knowledge_graph\application_knowledge.json
2026-06-12 19:01:27 | INFO | libraries.knowledge_store | Saved application knowledge snapshot: artifacts\knowledge_graph\application_knowledge_20260612_133127.json
2026-06-12 19:01:27 | INFO | __main__ | Autonomous pipeline completed successfully
2026-06-12 19:01:27 | INFO | libraries.browser_manager | Closing browser resources
2026-06-12 19:22:45 | INFO | __main__ | Initializing autonomous pipeline
2026-06-12 19:22:45 | INFO | libraries.config_loader | Loaded config file: config\framework_config.yaml
2026-06-12 19:22:45 | INFO | libraries.config_loader | Loaded config file: config\browser_config.yaml
2026-06-12 19:22:45 | INFO | libraries.config_loader | Loaded config file: config\ai_config.yaml
2026-06-12 19:22:45 | INFO | libraries.config_loader | Loaded config file: config\locator_config.yaml
2026-06-12 19:22:45 | INFO | libraries.config_loader | Loaded config file: config\assertion_config.yaml
2026-06-12 19:22:45 | INFO | __main__ | Artifact directories ready: {'page_data': 'artifacts\\page_data', 'workflow_data': 'artifacts\\workflow_data', 'ai_testcases': 'artifacts\\ai_testcases', 'generated_robot_tests': 'artifacts\\generated_robot_tests', 'locator_intelligence': 'artifacts\\locator_intelligence', 'assertions': 'artifacts\\assertions', 'screenshots': 'artifacts\\screenshots', 'analytics': 'artifacts\\analytics', 'execution': 'artifacts\\execution', 'knowledge_graph': 'artifacts\\knowledge_graph', 'testcases': 'artifacts\\testcases', 'healing': 'artifacts\\healing'}
2026-06-12 19:22:45 | INFO | libraries.dom_understanding_engine | DOMUnderstandingEngine initialized
2026-06-12 19:22:45 | INFO | libraries.self_healing_locator | SelfHealingLocator initialized
2026-06-12 19:22:45 | INFO | libraries.semantic_enricher | SemanticEnricher initialized
2026-06-12 19:22:45 | INFO | libraries.knowledge_store | Creating new application knowledge store: artifacts\knowledge_graph\application_knowledge.json
2026-06-12 19:22:45 | INFO | libraries.workflow_agent | WorkflowAgent initialized
2026-06-12 19:22:45 | INFO | libraries.navigation_predictor | NavigationPredictor initialized
2026-06-12 19:22:45 | INFO | libraries.browser_manager | Starting browser: chromium | headless=False
2026-06-12 19:22:45 | INFO | libraries.browser_manager | Launching browser with screen size 1366x768
2026-06-12 19:22:46 | INFO | libraries.browser_manager | Navigating to URL: http://172.21.166.115/washtabui/home
2026-06-12 19:22:52 | INFO | libraries.browser_manager | Captured screenshot: artifacts\screenshots\initial_landing_page.png
2026-06-12 19:22:52 | INFO | libraries.authenticator | Starting login flow
2026-06-12 19:22:52 | INFO | libraries.authenticator | Executing pre-login click step
2026-06-12 19:23:04 | INFO | libraries.authenticator | Login successful | url=http://172.21.166.115/washtabui/home | title=WashTAB!
2026-06-12 19:23:04 | INFO | libraries.browser_manager | Captured screenshot: artifacts\screenshots\post_login_page.png
2026-06-12 19:23:04 | INFO | libraries.page_analyzer | Starting page analysis
2026-06-12 19:23:04 | INFO | libraries.dom_understanding_engine | Extracting DOM intelligence from current page
2026-06-12 19:23:04 | INFO | libraries.dom_understanding_engine | DOM extraction completed | title=WashTAB! | url=http://172.21.166.115/washtabui/home | elements=48
2026-06-12 19:23:04 | INFO | libraries.dom_understanding_engine | Classification complete | buttons=17 | inputs=0 | links=0 | forms=0 | others=31
2026-06-12 19:23:04 | INFO | libraries.page_analyzer | Saved page screenshot: artifacts\screenshots\washtab_20260612_135304.png
2026-06-12 19:23:04 | INFO | libraries.page_analyzer | Saved page DOM: artifacts\page_data\washtab_20260612_135304.dom.json
2026-06-12 19:23:04 | INFO | libraries.page_analyzer | Saved page analysis: artifacts\page_data\washtab_20260612_135304.analysis.json
2026-06-12 19:23:04 | INFO | libraries.page_analyzer | Page analysis completed | page=washtab | title=WashTAB! | url=http://172.21.166.115/washtabui/home
2026-06-12 19:23:04 | INFO | libraries.semantic_enricher | Semantic enrichment complete | page=washtab | type=general | module=home | entity=home
2026-06-12 19:23:04 | INFO | libraries.locator_ranker | Generating locator repository for page: washtab
2026-06-12 19:23:04 | INFO | libraries.locator_ranker | Saved locator repository: artifacts\locator_intelligence\washtab_20260612_135304.locators.json
2026-06-12 19:23:04 | INFO | libraries.locator_ranker | Locator repository generated with 17 records
2026-06-12 19:23:04 | INFO | libraries.self_healing_locator | Attempting self-healing lookup for element: ion-fab-button_1
2026-06-12 19:23:05 | INFO | libraries.self_healing_locator | Locator matched successfully | element=ion-fab-button_1 | strategy=xpath | by=xpath | value=/html[1]/body[1]/app-root[1]/ion-app[1]/ion-router-outlet[1]/app-home[1]/app-ics-main-template[1]/ion-header[1]/ion-toolbar[1]/ion-grid[1]/ion-row[1]/ion-col[2]/ion-fab[1]/ion-fab-list[1]/ion-fab-button[1]
2026-06-12 19:23:05 | INFO | libraries.intelligent_explorer | Starting intelligent exploration
2026-06-12 19:23:05 | INFO | libraries.workflow_agent | WorkflowAgent built 17 exploration candidates
2026-06-12 19:23:05 | INFO | libraries.navigation_predictor | Predicted next action candidate: notifications-button
2026-06-12 19:23:05 | INFO | libraries.self_healing_locator | Attempting self-healing lookup for element: notifications-button
2026-06-12 19:23:05 | INFO | libraries.self_healing_locator | Locator matched successfully | element=notifications-button | strategy=id | by=id | value=notifications-button
2026-06-12 19:23:08 | INFO | libraries.workflow_memory | Recorded workflow transition | action=click | target=notifications-button | source=WashTAB! | destination=WashTAB! | status=no_navigation_change
2026-06-12 19:23:08 | INFO | libraries.navigation_predictor | Predicted next action candidate: haklarr
2026-06-12 19:23:08 | INFO | libraries.self_healing_locator | Attempting self-healing lookup for element: haklarr
2026-06-12 19:23:08 | INFO | libraries.self_healing_locator | Locator matched successfully | element=haklarr | strategy=text | by=xpath | value=//*[normalize-space()="haklarr"]
2026-06-12 19:23:10 | INFO | libraries.workflow_memory | Recorded workflow transition | action=click | target=haklarr | source=WashTAB! | destination=WashTAB! | status=no_navigation_change
2026-06-12 19:23:10 | INFO | libraries.navigation_predictor | Predicted next action candidate: coming_soon
2026-06-12 19:23:10 | INFO | libraries.self_healing_locator | Attempting self-healing lookup for element: coming_soon
2026-06-12 19:23:11 | INFO | libraries.self_healing_locator | Locator matched successfully | element=coming_soon | strategy=text | by=xpath | value=//*[normalize-space()="Coming Soon!"]
2026-06-12 19:23:13 | INFO | libraries.workflow_memory | Recorded workflow transition | action=click | target=coming_soon | source=WashTAB! | destination=WashTAB! | status=passed
2026-06-12 19:23:15 | INFO | libraries.navigation_predictor | Predicted next action candidate: ion-fab-button_1
2026-06-12 19:23:15 | INFO | libraries.self_healing_locator | Attempting self-healing lookup for element: ion-fab-button_1
2026-06-12 19:23:16 | INFO | libraries.self_healing_locator | Locator matched successfully | element=ion-fab-button_1 | strategy=xpath | by=xpath | value=/html[1]/body[1]/app-root[1]/ion-app[1]/ion-router-outlet[1]/app-home[1]/app-ics-main-template[1]/ion-header[1]/ion-toolbar[1]/ion-grid[1]/ion-row[1]/ion-col[2]/ion-fab[1]/ion-fab-list[1]/ion-fab-button[1]
2026-06-12 19:23:18 | INFO | libraries.workflow_memory | Recorded workflow transition | action=click | target=ion-fab-button_1 | source=WashTAB! | destination=WashTAB! | status=no_navigation_change
2026-06-12 19:23:18 | INFO | libraries.navigation_predictor | Predicted next action candidate: ion-fab-button_5
2026-06-12 19:23:18 | INFO | libraries.self_healing_locator | Attempting self-healing lookup for element: ion-fab-button_5
2026-06-12 19:23:19 | INFO | libraries.self_healing_locator | Locator matched successfully | element=ion-fab-button_5 | strategy=xpath | by=xpath | value=/html[1]/body[1]/app-root[1]/ion-app[1]/ion-router-outlet[1]/app-home[1]/app-ics-main-template[1]/ion-header[1]/ion-toolbar[1]/ion-grid[1]/ion-row[1]/ion-col[2]/ion-fab[1]/ion-fab-list[1]/ion-fab-button[3]
2026-06-12 19:23:21 | INFO | libraries.workflow_memory | Recorded workflow transition | action=click | target=ion-fab-button_5 | source=WashTAB! | destination=WashTAB! | status=no_navigation_change
2026-06-12 19:23:21 | INFO | libraries.intelligent_explorer | Exploration complete | attempted=5 | successful=1 | failed=4 | skipped=0
2026-06-12 19:23:21 | INFO | libraries.workflow_memory | Saved workflow graph: artifacts\workflow_data\workflow_graph_20260612_135321.json
2026-06-12 19:23:21 | INFO | libraries.exploration_analytics | Saved exploration analytics: artifacts\analytics\exploration_summary_20260612_135321.json
2026-06-12 19:23:21 | INFO | libraries.ai_summary_service | Generating AI page summary
2026-06-12 19:23:21 | INFO | libraries.gains_ai_client | Prepared GAINS AI payload | metadata_type=page_summary | query_len=6166 | context_len=48
2026-06-12 19:23:21 | INFO | libraries.gains_ai_client | Calling GAINS AI endpoint | attempt=1 | model=default
2026-06-12 19:23:43 | INFO | libraries.gains_ai_client | GAINS AI call completed successfully
2026-06-12 19:23:43 | INFO | libraries.ai_summary_service | Saved AI summary artifact: artifacts\analytics\washtab_20260612_135343.page_summary.json
2026-06-12 19:23:43 | INFO | libraries.ai_summary_service | Generating AI workflow summary
2026-06-12 19:23:43 | INFO | libraries.gains_ai_client | Prepared GAINS AI payload | metadata_type=workflow_summary | query_len=3255 | context_len=70
2026-06-12 19:23:43 | INFO | libraries.gains_ai_client | Calling GAINS AI endpoint | attempt=1 | model=default
2026-06-12 19:24:05 | INFO | libraries.gains_ai_client | GAINS AI call completed successfully
2026-06-12 19:24:05 | INFO | libraries.ai_summary_service | Saved AI summary artifact: artifacts\analytics\workflow_summary_20260612_135405.json
2026-06-12 19:24:05 | INFO | libraries.gains_ai_client | Prepared GAINS AI payload | metadata_type=scenario_generation | query_len=30072 | context_len=87
2026-06-12 19:24:05 | INFO | libraries.gains_ai_client | Calling GAINS AI endpoint | attempt=1 | model=default
2026-06-12 19:24:37 | INFO | libraries.gains_ai_client | GAINS AI call completed successfully
2026-06-12 19:24:37 | WARNING | libraries.ai_scenario_service | AI scenario generation returned non-JSON or invalid payload; using empty scenario result
2026-06-12 19:24:37 | ERROR | __main__ | Pipeline execution failed: AI scenario generation returned no scenarios.
Traceback (most recent call last):
  File "D:\Washtab_New\ai-qa-framework\libraries\run_autonomous_pipeline.py", line 210, in run
    manual_test_case_artifacts = self.manual_test_case_generator.generate_from_knowledge(
                                 ^^^^^^^^^^^^^^^^^^^^^^^^^^^^^^^^^^^^^^^^^^^^^^^^^^^^^^^^
  File "D:\Washtab_New\ai-qa-framework\libraries\manual_test_case_generator.py", line 21, in generate_from_knowledge
    scenarios = self.scenario_intelligence.build_scenarios(knowledge)
                ^^^^^^^^^^^^^^^^^^^^^^^^^^^^^^^^^^^^^^^^^^^^^^^^^^^^^
  File "D:\Washtab_New\ai-qa-framework\libraries\scenario_intelligence.py", line 22, in build_scenarios
    raise GainsAIClientError("AI scenario generation returned no scenarios.")
libraries.gains_ai_client.GainsAIClientError: AI scenario generation returned no scenarios.
2026-06-12 19:24:37 | INFO | libraries.knowledge_store | Saved application knowledge store: artifacts\knowledge_graph\application_knowledge.json
2026-06-12 19:24:37 | INFO | libraries.knowledge_store | Saved application knowledge snapshot: artifacts\knowledge_graph\application_knowledge_20260612_135437.json
2026-06-12 19:24:37 | INFO | libraries.browser_manager | Closing browser resources
2026-06-12 19:30:29 | INFO | __main__ | Initializing autonomous pipeline
2026-06-12 19:30:29 | INFO | libraries.config_loader | Loaded config file: config\framework_config.yaml
2026-06-12 19:30:29 | INFO | libraries.config_loader | Loaded config file: config\browser_config.yaml
2026-06-12 19:30:29 | INFO | libraries.config_loader | Loaded config file: config\ai_config.yaml
2026-06-12 19:30:29 | INFO | libraries.config_loader | Loaded config file: config\locator_config.yaml
2026-06-12 19:30:29 | INFO | libraries.config_loader | Loaded config file: config\assertion_config.yaml
2026-06-12 19:30:29 | INFO | __main__ | Artifact directories ready: {'page_data': 'artifacts\\page_data', 'workflow_data': 'artifacts\\workflow_data', 'ai_testcases': 'artifacts\\ai_testcases', 'generated_robot_tests': 'artifacts\\generated_robot_tests', 'locator_intelligence': 'artifacts\\locator_intelligence', 'assertions': 'artifacts\\assertions', 'screenshots': 'artifacts\\screenshots', 'analytics': 'artifacts\\analytics', 'execution': 'artifacts\\execution', 'knowledge_graph': 'artifacts\\knowledge_graph', 'testcases': 'artifacts\\testcases', 'healing': 'artifacts\\healing'}
2026-06-12 19:30:29 | INFO | libraries.dom_understanding_engine | DOMUnderstandingEngine initialized
2026-06-12 19:30:29 | INFO | libraries.self_healing_locator | SelfHealingLocator initialized
2026-06-12 19:30:29 | INFO | libraries.semantic_enricher | SemanticEnricher initialized
2026-06-12 19:30:29 | INFO | libraries.knowledge_store | Creating new application knowledge store: artifacts\knowledge_graph\application_knowledge.json
2026-06-12 19:30:29 | INFO | libraries.workflow_agent | WorkflowAgent initialized
2026-06-12 19:30:29 | INFO | libraries.navigation_predictor | NavigationPredictor initialized
2026-06-12 19:30:29 | INFO | libraries.browser_manager | Starting browser: chromium | headless=False
2026-06-12 19:30:30 | INFO | libraries.browser_manager | Launching browser with screen size 1366x768
2026-06-12 19:30:31 | INFO | libraries.browser_manager | Navigating to URL: http://172.21.166.115/washtabui/home
2026-06-12 19:30:32 | INFO | libraries.browser_manager | Captured screenshot: artifacts\screenshots\initial_landing_page.png
2026-06-12 19:30:32 | INFO | libraries.authenticator | Starting login flow
2026-06-12 19:30:32 | INFO | libraries.authenticator | Executing pre-login click step
2026-06-12 19:30:43 | ERROR | __main__ | Pipeline execution failed: Locator.wait_for: Timeout 10000ms exceeded.
Call log:
  - waiting for locator("//ion-icon[@name='person']")
Traceback (most recent call last):
  File "D:\Washtab_New\ai-qa-framework\libraries\run_autonomous_pipeline.py", line 120, in run
    auth_result = self.authenticator.login(page)
                  ^^^^^^^^^^^^^^^^^^^^^^^^^^^^^^
  File "D:\Washtab_New\ai-qa-framework\libraries\authenticator.py", line 56, in login
    self._prepare_element(pre_login_locator)
  File "D:\Washtab_New\ai-qa-framework\libraries\authenticator.py", line 110, in _prepare_element
    locator.wait_for(state="attached", timeout=10000)
  File "C:\Users\10083745\AppData\Local\Programs\Python\Python311\Lib\site-packages\playwright\sync_api\_generated.py", line 20048, in wait_for
    self._sync(
  File "C:\Users\10083745\AppData\Local\Programs\Python\Python311\Lib\site-packages\playwright\_impl\_sync_base.py", line 115, in _sync
    return task.result()
           ^^^^^^^^^^^^^
  File "C:\Users\10083745\AppData\Local\Programs\Python\Python311\Lib\site-packages\playwright\_impl\_locator.py", line 741, in wait_for
    await self._frame.wait_for_selector(
  File "C:\Users\10083745\AppData\Local\Programs\Python\Python311\Lib\site-packages\playwright\_impl\_frame.py", line 372, in wait_for_selector
    await self._channel.send(
  File "C:\Users\10083745\AppData\Local\Programs\Python\Python311\Lib\site-packages\playwright\_impl\_connection.py", line 69, in send
    return await self._connection.wrap_api_call(
           ^^^^^^^^^^^^^^^^^^^^^^^^^^^^^^^^^^^^^
  File "C:\Users\10083745\AppData\Local\Programs\Python\Python311\Lib\site-packages\playwright\_impl\_connection.py", line 559, in wrap_api_call
    raise rewrite_error(error, f"{parsed_st['apiName']}: {error}") from None
playwright._impl._errors.TimeoutError: Locator.wait_for: Timeout 10000ms exceeded.
Call log:
  - waiting for locator("//ion-icon[@name='person']")

2026-06-12 19:30:43 | INFO | libraries.knowledge_store | Saved application knowledge store: artifacts\knowledge_graph\application_knowledge.json
2026-06-12 19:30:43 | INFO | libraries.knowledge_store | Saved application knowledge snapshot: artifacts\knowledge_graph\application_knowledge_20260612_140043.json
2026-06-12 19:30:43 | INFO | libraries.browser_manager | Closing browser resources
2026-06-12 19:30:51 | INFO | __main__ | Initializing autonomous pipeline
2026-06-12 19:30:51 | INFO | libraries.config_loader | Loaded config file: config\framework_config.yaml
2026-06-12 19:30:51 | INFO | libraries.config_loader | Loaded config file: config\browser_config.yaml
2026-06-12 19:30:51 | INFO | libraries.config_loader | Loaded config file: config\ai_config.yaml
2026-06-12 19:30:51 | INFO | libraries.config_loader | Loaded config file: config\locator_config.yaml
2026-06-12 19:30:51 | INFO | libraries.config_loader | Loaded config file: config\assertion_config.yaml
2026-06-12 19:30:51 | INFO | __main__ | Artifact directories ready: {'page_data': 'artifacts\\page_data', 'workflow_data': 'artifacts\\workflow_data', 'ai_testcases': 'artifacts\\ai_testcases', 'generated_robot_tests': 'artifacts\\generated_robot_tests', 'locator_intelligence': 'artifacts\\locator_intelligence', 'assertions': 'artifacts\\assertions', 'screenshots': 'artifacts\\screenshots', 'analytics': 'artifacts\\analytics', 'execution': 'artifacts\\execution', 'knowledge_graph': 'artifacts\\knowledge_graph', 'testcases': 'artifacts\\testcases', 'healing': 'artifacts\\healing'}
2026-06-12 19:30:51 | INFO | libraries.dom_understanding_engine | DOMUnderstandingEngine initialized
2026-06-12 19:30:51 | INFO | libraries.self_healing_locator | SelfHealingLocator initialized
2026-06-12 19:30:51 | INFO | libraries.semantic_enricher | SemanticEnricher initialized
2026-06-12 19:30:51 | INFO | libraries.knowledge_store | Loaded existing application knowledge store: artifacts\knowledge_graph\application_knowledge.json
2026-06-12 19:30:51 | INFO | libraries.workflow_agent | WorkflowAgent initialized
2026-06-12 19:30:51 | INFO | libraries.navigation_predictor | NavigationPredictor initialized
2026-06-12 19:30:51 | INFO | libraries.browser_manager | Starting browser: chromium | headless=False
2026-06-12 19:30:52 | INFO | libraries.browser_manager | Launching browser with screen size 1366x768
2026-06-12 19:30:53 | INFO | libraries.browser_manager | Navigating to URL: http://172.21.166.115/washtabui/home
2026-06-12 19:30:59 | INFO | libraries.browser_manager | Captured screenshot: artifacts\screenshots\initial_landing_page.png
2026-06-12 19:30:59 | INFO | libraries.authenticator | Starting login flow
2026-06-12 19:30:59 | INFO | libraries.authenticator | Executing pre-login click step
2026-06-12 19:31:10 | INFO | libraries.authenticator | Login successful | url=http://172.21.166.115/washtabui/home | title=WashTAB!
2026-06-12 19:31:10 | INFO | libraries.browser_manager | Captured screenshot: artifacts\screenshots\post_login_page.png
2026-06-12 19:31:10 | INFO | libraries.page_analyzer | Starting page analysis
2026-06-12 19:31:10 | INFO | libraries.dom_understanding_engine | Extracting DOM intelligence from current page
2026-06-12 19:31:10 | INFO | libraries.dom_understanding_engine | DOM extraction completed | title=WashTAB! | url=http://172.21.166.115/washtabui/home | elements=48
2026-06-12 19:31:10 | INFO | libraries.dom_understanding_engine | Classification complete | buttons=17 | inputs=0 | links=0 | forms=0 | others=31
2026-06-12 19:31:11 | INFO | libraries.page_analyzer | Saved page screenshot: artifacts\screenshots\washtab_20260612_140110.png
2026-06-12 19:31:11 | INFO | libraries.page_analyzer | Saved page DOM: artifacts\page_data\washtab_20260612_140110.dom.json
2026-06-12 19:31:11 | INFO | libraries.page_analyzer | Saved page analysis: artifacts\page_data\washtab_20260612_140110.analysis.json
2026-06-12 19:31:11 | INFO | libraries.page_analyzer | Page analysis completed | page=washtab | title=WashTAB! | url=http://172.21.166.115/washtabui/home
2026-06-12 19:31:11 | INFO | libraries.semantic_enricher | Semantic enrichment complete | page=washtab | type=general | module=home | entity=home
2026-06-12 19:31:11 | INFO | libraries.locator_ranker | Generating locator repository for page: washtab
2026-06-12 19:31:11 | INFO | libraries.locator_ranker | Saved locator repository: artifacts\locator_intelligence\washtab_20260612_140111.locators.json
2026-06-12 19:31:11 | INFO | libraries.locator_ranker | Locator repository generated with 17 records
2026-06-12 19:31:11 | INFO | libraries.self_healing_locator | Attempting self-healing lookup for element: ion-fab-button_1
2026-06-12 19:31:11 | INFO | libraries.self_healing_locator | Locator matched successfully | element=ion-fab-button_1 | strategy=xpath | by=xpath | value=/html[1]/body[1]/app-root[1]/ion-app[1]/ion-router-outlet[1]/app-home[1]/app-ics-main-template[1]/ion-header[1]/ion-toolbar[1]/ion-grid[1]/ion-row[1]/ion-col[2]/ion-fab[1]/ion-fab-list[1]/ion-fab-button[1]
2026-06-12 19:31:11 | INFO | libraries.intelligent_explorer | Starting intelligent exploration
2026-06-12 19:31:11 | INFO | libraries.workflow_agent | WorkflowAgent built 17 exploration candidates
2026-06-12 19:31:11 | INFO | libraries.navigation_predictor | Predicted next action candidate: notifications-button
2026-06-12 19:31:11 | INFO | libraries.self_healing_locator | Attempting self-healing lookup for element: notifications-button
2026-06-12 19:31:11 | INFO | libraries.self_healing_locator | Locator matched successfully | element=notifications-button | strategy=id | by=id | value=notifications-button
2026-06-12 19:31:14 | INFO | libraries.workflow_memory | Recorded workflow transition | action=click | target=notifications-button | source=WashTAB! | destination=WashTAB! | status=no_navigation_change
2026-06-12 19:31:14 | INFO | libraries.navigation_predictor | Predicted next action candidate: haklarr
2026-06-12 19:31:14 | INFO | libraries.self_healing_locator | Attempting self-healing lookup for element: haklarr
2026-06-12 19:31:14 | INFO | libraries.self_healing_locator | Locator matched successfully | element=haklarr | strategy=text | by=xpath | value=//*[normalize-space()="haklarr"]
2026-06-12 19:31:17 | INFO | libraries.workflow_memory | Recorded workflow transition | action=click | target=haklarr | source=WashTAB! | destination=WashTAB! | status=no_navigation_change
2026-06-12 19:31:17 | INFO | libraries.navigation_predictor | Predicted next action candidate: coming_soon
2026-06-12 19:31:17 | INFO | libraries.self_healing_locator | Attempting self-healing lookup for element: coming_soon
2026-06-12 19:31:17 | INFO | libraries.self_healing_locator | Locator matched successfully | element=coming_soon | strategy=text | by=xpath | value=//*[normalize-space()="Coming Soon!"]
2026-06-12 19:31:19 | INFO | libraries.workflow_memory | Recorded workflow transition | action=click | target=coming_soon | source=WashTAB! | destination=WashTAB! | status=passed
2026-06-12 19:31:22 | INFO | libraries.navigation_predictor | Predicted next action candidate: ion-fab-button_1
2026-06-12 19:31:22 | INFO | libraries.self_healing_locator | Attempting self-healing lookup for element: ion-fab-button_1
2026-06-12 19:31:22 | INFO | libraries.self_healing_locator | Locator matched successfully | element=ion-fab-button_1 | strategy=xpath | by=xpath | value=/html[1]/body[1]/app-root[1]/ion-app[1]/ion-router-outlet[1]/app-home[1]/app-ics-main-template[1]/ion-header[1]/ion-toolbar[1]/ion-grid[1]/ion-row[1]/ion-col[2]/ion-fab[1]/ion-fab-list[1]/ion-fab-button[1]
2026-06-12 19:31:24 | INFO | libraries.workflow_memory | Recorded workflow transition | action=click | target=ion-fab-button_1 | source=WashTAB! | destination=WashTAB! | status=no_navigation_change
2026-06-12 19:31:24 | INFO | libraries.navigation_predictor | Predicted next action candidate: ion-fab-button_5
2026-06-12 19:31:24 | INFO | libraries.self_healing_locator | Attempting self-healing lookup for element: ion-fab-button_5
2026-06-12 19:31:25 | INFO | libraries.self_healing_locator | Locator matched successfully | element=ion-fab-button_5 | strategy=xpath | by=xpath | value=/html[1]/body[1]/app-root[1]/ion-app[1]/ion-router-outlet[1]/app-home[1]/app-ics-main-template[1]/ion-header[1]/ion-toolbar[1]/ion-grid[1]/ion-row[1]/ion-col[2]/ion-fab[1]/ion-fab-list[1]/ion-fab-button[3]
2026-06-12 19:31:27 | INFO | libraries.workflow_memory | Recorded workflow transition | action=click | target=ion-fab-button_5 | source=WashTAB! | destination=WashTAB! | status=no_navigation_change
2026-06-12 19:31:27 | INFO | libraries.intelligent_explorer | Exploration complete | attempted=5 | successful=1 | failed=4 | skipped=0
2026-06-12 19:31:27 | INFO | libraries.workflow_memory | Saved workflow graph: artifacts\workflow_data\workflow_graph_20260612_140127.json
2026-06-12 19:31:27 | INFO | libraries.exploration_analytics | Saved exploration analytics: artifacts\analytics\exploration_summary_20260612_140127.json
2026-06-12 19:31:27 | INFO | libraries.ai_summary_service | Generating AI page summary
2026-06-12 19:31:27 | INFO | libraries.gains_ai_client | Prepared GAINS AI payload | metadata_type=page_summary | query_len=6166 | context_len=48
2026-06-12 19:31:27 | INFO | libraries.gains_ai_client | Calling GAINS AI endpoint | attempt=1 | model=default
2026-06-12 19:31:54 | INFO | libraries.gains_ai_client | GAINS AI call completed successfully
2026-06-12 19:31:54 | INFO | libraries.ai_summary_service | Saved AI summary artifact: artifacts\analytics\washtab_20260612_140154.page_summary.json
2026-06-12 19:31:54 | INFO | libraries.ai_summary_service | Generating AI workflow summary
2026-06-12 19:31:54 | INFO | libraries.gains_ai_client | Prepared GAINS AI payload | metadata_type=workflow_summary | query_len=3255 | context_len=70
2026-06-12 19:31:54 | INFO | libraries.gains_ai_client | Calling GAINS AI endpoint | attempt=1 | model=default
2026-06-12 19:32:25 | INFO | libraries.gains_ai_client | GAINS AI call completed successfully
2026-06-12 19:32:25 | INFO | libraries.ai_summary_service | Saved AI summary artifact: artifacts\analytics\workflow_summary_20260612_140225.json
2026-06-12 19:32:25 | INFO | libraries.gains_ai_client | Prepared GAINS AI payload | metadata_type=scenario_generation | query_len=30072 | context_len=87
2026-06-12 19:32:25 | INFO | libraries.gains_ai_client | Calling GAINS AI endpoint | attempt=1 | model=default
2026-06-12 19:32:54 | INFO | libraries.gains_ai_client | GAINS AI call completed successfully
2026-06-12 19:32:54 | INFO | libraries.scenario_intelligence | Scenario intelligence using AI-generated scenarios: 7
2026-06-12 19:32:54 | INFO | libraries.manual_test_case_generator | Generated 7 manual test cases
2026-06-12 19:32:54 | INFO | libraries.robot_test_generator | Generated 7 Robot Framework test cases
2026-06-12 19:32:54 | INFO | libraries.robot_executor | Executing generated Robot suite: C:\Users\10083745\AppData\Local\Programs\Python\Python311\Scripts\robot.EXE -d artifacts/execution/robot_runs/run_20260612_140254 artifacts/generated_robot_tests/generated_workflows.robot
2026-06-12 19:33:08 | INFO | libraries.healing_suggester | Generated 0 healing suggestions
2026-06-12 19:33:08 | INFO | libraries.knowledge_store | Saved application knowledge store: artifacts\knowledge_graph\application_knowledge.json
2026-06-12 19:33:08 | INFO | libraries.knowledge_store | Saved application knowledge snapshot: artifacts\knowledge_graph\application_knowledge_20260612_140308.json
2026-06-12 19:33:08 | INFO | __main__ | Autonomous pipeline completed successfully
2026-06-12 19:33:08 | INFO | libraries.browser_manager | Closing browser resources
